Reaction,Flux
CSND,0.0
ADNt2pp,0.0
GTPDPDP,0.0
CITtex_reverse,0.0
GAMtex_reverse,0.0
MEOHtrpp_reverse,1.8030196698530937e-06
NH4tpp_reverse,0.0
NMNtex_reverse,0.0
NTD10,0.0
NTD11,0.0
NTD12,0.0
PMEACPE,1.8030196698530937e-06
PItex_reverse,0.0
XTSNH,0.0
UMPSYN_anaerobic,0.0
DCAtex_reverse,0.0
Htex,0.0
P5CD,0.0
2DGULRy,0.0
2DGULRx,0.0
GAMptspp,0.0
THRt2rpp_reverse,0.00446427670255626
P5CR,0.1936425095225524
GLUTRR,0.004824880636526879
GLUTRS,0.004824880636526879
ULA4Ntppi,0.0
GLCtexi,0.0
MSAR,0.0
AGM4Pt2pp,0.0
EX_uacgam_LPAREN_e_RPAREN_,0.0
KAS15,0.2823393576514707
HBZOPT,0.00020103669319082335
LEUtex,0.0
EX_r5p_LPAREN_e_RPAREN_,0.0
G5SADs,0.1936425095225524
ALAALAtex,0.0
EX_cm_LPAREN_e_RPAREN_,0.0
ORNtex,0.0
2AGPG141tipp,0.0
RHAT1,0.007348206664486284
OMMBLHX,0.00020103669319082584
OMPHHX,0.00020103669319082584
E4PD,0.00020103669318861995
PLIPA2A180pp,0.0
SCYSDS,0.0
TREHpp,0.0
PGM_reverse,14.47595670346088
EX_leu_DASH_L_LPAREN_e_RPAREN_,0.0
42A12BOOXpp,0.0
ACOAD1f,0.0
METSOX2tex,0.0
GALCTNtex_reverse,0.0
IDONt2rpp,0.0
EX_meoh_LPAREN_e_RPAREN_,1.8030196698530937e-06
GLYCTO4,0.0
LPLIPAL2ATG120,0.0
GLYCTO3,0.0
GLYCTO2,0.0008041467727544216
LALADGLUtpp,0.0
MOX_reverse,0.0
LYXt2pp,0.0
GLYALDtpp_reverse,0.0
ARBt2rpp_reverse,0.0
NDPK8_reverse,0.0
PUNP1,0.0
2AGPEAT181,0.0
2AGPEAT180,0.0
AGMtex_reverse,0.0
EX_hacolipa_LPAREN_e_RPAREN_,0.0
PUNP3,0.0
DAPAL,0.0
LPLIPAL2E181,0.0
ARBTNtex,0.0
PAPA181pp,0.0
COBALT2abcpp,0.0
CYTBO3_4pp,35.99189632809384
UMPtex,0.0
GALCTt2rpp,0.0
MN2t3pp,0.0
EX_rmn_LPAREN_e_RPAREN_,0.0
LPLIPAL2G140,0.0
LPLIPAL2G141,0.0
ALLTNt2rpp_reverse,0.0
MTRPOX,0.0
SO4t2pp,0.227165152734296
FRUURtex_reverse,0.0
TMDPP_reverse,0.0
H2tpp_reverse,0.0
DSERt2pp,0.0
ACONIs,0.0
UAGPT3,0.024860936717769386
ASPTA,0.0
GART,0.10375747143144479
CYSDDS,0.0
PMPK,0.00020103669318861995
GAMAN6Ptex,0.0
DHCIND,0.0
UDCPPtppi,0.0
34dhpactex,0.0
EAR121y,0.0
EAR121x,0.1288924671387882
ALATRS,0.0
CTBTt2rpp,0.0
EX_tungs_LPAREN_e_RPAREN_,0.0
EX_ascb_DASH_L_LPAREN_e_RPAREN_,0.0
EX_frulys_LPAREN_e_RPAREN_,0.0
MDDCP2pp,0.000606716118905566
UDPACGALtex,0.0
EX_hdcea_LPAREN_e_RPAREN_,0.0
23DAPPAt2pp,0.0
LEUTAi,0.39466117251447386
GTHOXtex,0.0
EX_butso3_LPAREN_e_RPAREN_,0.0
IDONt2rpp_reverse,0.0
EX_LalaLglu_LPAREN_e_RPAREN_,0.0
REPHACCOAI_reverse,0.0
3AMPtex,0.0
ARBtex_reverse,0.0
FCLT,0.0004020733863772399
EX_cys_DASH_D_LPAREN_e_RPAREN_,0.0
IPPMIb,0.0
EX_ump_LPAREN_e_RPAREN_,0.0
FCLK,0.0
EX_xtsn_LPAREN_e_RPAREN_,0.0
PLIPA1A181pp,0.0
2AGPG120tipp,0.0
EX_tcynt_LPAREN_e_RPAREN_,0.0
DTMPK_reverse,0.0
PGAMT,0.0
KG6PDC,0.0
CYNTt2pp,0.0
EX_so2_LPAREN_e_RPAREN_,0.0
23CGMPtex_reverse,0.0
ACtex,0.0
ACt2rpp_reverse,1.6488637620683915
3PEPTabcpp,0.0
ALATA_D2,0.0
CFAS180G,0.0
EDA,0.0
MLTP3_reverse,0.0
EDD,0.0
GTHOr,0.0
FRUK,0.0
THYMtex_reverse,0.0
GALBDtex,0.0
EX_4hoxpacd_LPAREN_e_RPAREN_,0.0
GTHRDHpp,0.0
PRPPS,0.815846567392124
23PDE9pp,0.0
MALTTTRabcpp,0.0
SDPDS,0.3254675881543566
12PPDRtpp,0.0
CHTBStex_reverse,0.0
EX_14glucan_LPAREN_e_RPAREN_,0.0
INDOLEt2rpp_reverse,0.0
DHAtpp_reverse,0.0
prpp_to_his_DASH_L,0.0829893893639982
FTHFD,0.0
HIStex_reverse,0.0
EX_pnto_DASH_R_LPAREN_e_RPAREN_,0.0
FALGTHLs_reverse,0.0
AGPAT120,0.0
XTSNtex,0.0
VALabcpp,0.0
23DAPPAtex_reverse,0.0
ALCD2x_reverse,0.0
GALtex_reverse,0.0
EX_pi_LPAREN_e_RPAREN_,0.0
THMtex,0.0
AMANAPEr_reverse,0.0
KAS14,0.0
PGPP180pp,0.0
UDPGALtex_reverse,0.0
TRPTRS,0.0
KDOPP,0.02204461999345885
2AGPG181tipp,0.0
OCBT,0.25911195675458815
EX_ptrc_LPAREN_e_RPAREN_,0.0
CPGNexs,0.0
S4FE4ST,0.0
AGM4PH,0.0
EX_23cgmp_LPAREN_e_RPAREN_,0.0
S4FE4SR,0.0
ARBTNexs,0.0
AGM4PA,0.0
PPM_reverse,0.0076970909706094714
ADSL2r_reverse,0.0
PYNP2r_reverse,0.0
EX_ppa_LPAREN_e_RPAREN_,0.0
MELIBt3ipp,0.0
HPYRI,0.0
ADEt2rpp,0.0
4PEPTabcpp,0.0
GALt2pp,0.0
LPLIPAL1E161pp,0.0
AGMH,0.0
SERAT_reverse,0.0
EX_met_DASH_D_LPAREN_e_RPAREN_,0.0
MMETtex_reverse,0.0
PPM2_reverse,0.0
GALabcpp,0.0
FUSAtex_reverse,0.0
TRPtex,0.0
EX_anhgm_LPAREN_e_RPAREN_,0.0
EX_glcr_LPAREN_e_RPAREN_,0.0
CRNtex,0.0
SERt2rpp_reverse,0.0
HMPK1,0.0
LPLIPAL1E140pp,0.0
GLCURt2rpp,0.0
ACSERtex_reverse,0.0
EX_LalaDgluMdapDala_LPAREN_e_RPAREN_,0.0
TAUDO,0.0
URIt2rpp_reverse,0.0
SERASr_reverse,0.0
IDOND2,0.0
LYXtex_reverse,0.0
S2FE2SS2,0.0
ACOAD2f,0.0
LYSTRS,0.0
FE3Ri,0.0
DDGLK,0.0
TTRCYCtex_reverse,0.0
EX_tre_LPAREN_e_RPAREN_,0.0
ALAALAr_reverse,0.0
ASNtex_reverse,0.0
3AMACHYD,0.0
EX_fald_LPAREN_e_RPAREN_,0.0
ACONTb,4.305678506419644
PGLYCP,0.0
ACACt2pp_reverse,0.0
BUTCT,0.0
CLPNS180pp_reverse,0.0
ASNabcpp,0.0
PLIPA1G160pp,0.0
DADNt2pp,0.0
ARGtex,0.0
ETHAtex,0.0
PSCLYStex_reverse,0.0
5DGLCNt2rpp_reverse,0.0
EX_nh4_LPAREN_e_RPAREN_,0.0
EX_12ppd_DASH_S_LPAREN_e_RPAREN_,0.0
ADNK1,0.0076970909706094714
23CGMPtex,0.0
CLtex,0.00446427670255626
3OAR60,0.2823393576514707
CRNCAR,0.0
EX_g3pg_LPAREN_e_RPAREN_,0.0
CRNCAR_reverse,0.0
EX_arg_DASH_L_LPAREN_e_RPAREN_,0.0
DXPS,0.006375477552618166
ACSERtex,0.0
EX_mmet_LPAREN_e_RPAREN_,0.0
LEUtex_reverse,0.0
hom_DASH_L_and_cyst_DASH_L_to_pyr_hcys_DASH_L,0.1409104947481939
FORt2pp,0.0
PLIPA2E120pp,0.0
PMANM_reverse,0.0
EX_malttr_LPAREN_e_RPAREN_,0.0
CTBTCAL2,0.0
LCTStex_reverse,0.0
DBTS,1.8030196698530937e-06
EAR120x,0.15344418598317772
EAR120y,0.0
UPP3MT,0.00020103669318861995
MLTP1,0.0
MLTP2,0.0
MLTP3,0.0
UDPG4E,0.0
ISETACabcpp,0.0
TTRCYCtex,0.0
EX_23ccmp_LPAREN_e_RPAREN_,0.0
EX_indole_LPAREN_e_RPAREN_,0.0
imp_to_amp,0.2617641986889127
G3PCtex_reverse,0.0
AM3PA,0.0
DMSOtpp_reverse,0.0
EX_cl_LPAREN_e_RPAREN__reverse,0.00446427670255626
ACMANAtex,0.0
MALTATr_reverse,0.0
NOtex,0.0
LPLIPAL2E160,0.0
LPLIPAL2E161,0.0
CITt3pp,0.0
SHCHF,0.00020103669318861995
CRNBTCT_reverse,0.0
EX_mobd_LPAREN_e_RPAREN_,0.0
NDPK5_reverse,0.0
THRt2rpp,0.0
UM4PCP,0.0
PLIPA2A141pp,0.0
ECAP3pp,0.0
UPP3S,0.0006031100795658599
NTP11,0.0
PUNP5,0.0
LALDO2x,0.0
ETHSO3abcpp,0.0
GLUR_reverse,0.024860936717769386
EX_acmana_LPAREN_e_RPAREN_,0.0
12DGR160tipp,0.0
O2Stex,0.0
D_DASH_LACtex,0.0
PPA2,0.0
CRNBTCT,0.0
VALTRS,0.0
PYDXK,0.0
PGPP161pp,0.0
LDH_D2,0.0
12DGR161tipp,0.0
3HPPtpp,0.0
MSO3tex_reverse,0.0
THMDtex_reverse,0.0
OXCDC,0.0
UDPGtex,0.0
RMK,0.0
RMI,0.0
G3PEabcpp,0.0
GLUt2rpp_reverse,0.0
DKGLCNR2y,0.0
GALBDtex_reverse,0.0
NO3R2pp,0.0
FFSD,0.0
EX_glyc_LPAREN_e_RPAREN_,0.0
3OAS100,0.28233665312196593
CYSDS,0.0
23DAPPAtex,0.0
GLYCtex,0.0
EX_ni2_LPAREN_e_RPAREN_,0.0
AKGtex_reverse,0.0
NADSYN_aerobic,0.0020545409137944226
PLIPA1G120pp,0.0
SELtex_reverse,0.0
INDOLEt2pp,0.0
2MAHMP,0.0
FEENTERtonex,0.0
MCOATA,1.9687676620633499
MANGLYCtex,0.0
EX_34dhpac_LPAREN_e_RPAREN_,0.0
CLPNS140pp_reverse,0.0
OPMEACPD,1.8030196698530937e-06
IPDDI_reverse,0.0
PPPNt2rpp_reverse,0.0
12PPDStex,0.0
AMAOTr,1.8030196698530937e-06
OPMEACPS,1.8030196698530937e-06
OPMEACPR,1.8030196698530937e-06
GALURtex,0.0
PPCSCT,0.0
LIPATPT,0.0
ALAt2rpp,0.0
23CAMPtex,0.0
POX,0.0
EX_n2o_LPAREN_e_RPAREN_,0.0
MALTTRabcpp,0.0
RMPA_reverse,0.0
EX_tsul_LPAREN_e_RPAREN_,0.0
PA141abcpp,0.0
DGMPtex,0.0
EX_gthox_LPAREN_e_RPAREN_,0.0
PNTOt4pp,0.0
EX_arbtn_DASH_fe3_LPAREN_e_RPAREN_,0.0
ACACT1r,0.0
DTMPK,0.022361951455352996
PFK_3,1.393982433575544
PFK_2,0.0
FE3HOXUtpp,0.0
GSNt2pp,0.0
FACOAL140t2pp,0.0
NTPTP1,0.0
PSD140,0.0
PSD141,0.0
GLYK,0.005782284081218872
MECDPDH5,0.005973404166240925
2AGPE181tipp,0.0
GUAtex,0.0
EX_fecrm_LPAREN_e_RPAREN_,0.0
MLDCP3App,0.0012125307279762057
HDCEAtexi,0.0
RNTR1c2,0.0
DATPHs,0.0
PGSA160,0.014863192648433981
CLPNS120pp_reverse,0.0
GLCNt2rpp_reverse,0.0
EX_his_DASH_L_LPAREN_e_RPAREN_,0.0
MANptspp,0.0
3HAD160,0.10935494599626
3HAD161,0.1288924671387882
Htex_reverse,9.647837020524173
FUCtex_reverse,0.0
DHQTi,0.33529314384522313
EX_arab_DASH_L_LPAREN_e_RPAREN_,0.0
GSNtex,0.0
GLDBRAN2,0.0
ALAtex_reverse,0.0
LEUt2rpp,0.0
TARTRt7pp_reverse,0.0
SO2tpp_reverse,0.0
DDGLCNt2rpp,0.0
NI2uabcpp,0.0
BALAt2pp,0.0
EPMEACPR,1.8030196698530937e-06
ASNS2,0.21116245165451494
ASNS1,0.0
EX_fe3hox_LPAREN_e_RPAREN_,0.0
EX_xyl_DASH_D_LPAREN_e_RPAREN_,0.0
LPLIPAL1E120pp,0.0
PSSA120,0.0
ACPPAT141,0.0
ACPPAT140,0.0
EX_ethso3_LPAREN_e_RPAREN_,0.0
THYMtex,0.0
PPK2r_reverse,0.00020103669318861995
GLYBtex,0.0
FACOAL120t2pp,0.0
Kt2pp,0.16740136124751048
NADPPPS,0.001651566017583539
EGMEACPR,1.8030196698530937e-06
EX_trp_DASH_L_LPAREN_e_RPAREN_,0.0
4PEPTtex_reverse,0.0
EX_sbt_DASH_D_LPAREN_e_RPAREN_,0.0
FECRMabcpp,0.0
LALADGLUtex,0.0
ACGAM1PPpp,0.0
CMPtex_reverse,0.0
SELtex,0.0
GTHRDabc2pp,0.0
DCYTtex,0.0
ASNTRS,0.0
CPGNUtex,0.0
GALCTNLtex_reverse,0.0
RNTR4c2,0.0
PE160abcpp,0.02866620973099434
PGSA181,0.005958078499029549
PGSA180,0.0
GLCNtex,0.0
UDPGALM,0.0
3HPPPNH,0.0
ADNtex_reverse,0.0
UACGAMtex_reverse,0.0
FE2tex,0.013997743206904494
ADNUC,0.0
ACPPAT180,0.0
2AGPE120tipp,0.0
EX_so4_LPAREN_e_RPAREN__reverse,0.227165152734296
TARTRt7pp,0.0
2AGPA161tipp,0.0
EX_fe3_LPAREN_e_RPAREN_,0.0
CLPNH141pp,0.0
UAG2E,0.0
GLNTRS,0.0
UMPK,0.32098437974526683
G1PPpp,0.0
MOX,0.0010926299199341522
ICHORSi,0.0
URIH,0.0
5MTRtex,0.0
AMPTASEPG,0.0
DMPPS,0.0008537298136776431
PROGLYtex_reverse,0.0
GLYBt2pp,0.0
PGMT_reverse,0.1757421302402509
NTD3pp,0.0
ACOAD3f,0.0
12PPDRtex,0.0
MLDCP2Bpp,0.0
CRNDabcpp,0.0
LACZpp,0.0
FRULYSt2pp,0.0
UAGCVT,0.024860936717769386
NTD2pp,0.0
URIC,0.0
PYDXNtex,0.0
GLUNpp,0.0
DALAtex,0.0
ALLPI,0.0
HADPCOADH3,0.0
EX_asp_DASH_L_LPAREN_e_RPAREN_,0.0
CTPS2,0.14011085552461405
EX_doxrbcn_LPAREN_e_RPAREN_,0.0
CRNCBCT_reverse,0.0
TDPDRE,0.007348206664486284
GTHRDabcpp,0.0
PGPP181,0.005958078499029549
PGPP180,0.0
ADNt2rpp_reverse,0.0
NAtex_reverse,0.0
CYTK2_reverse,0.0
FE3DHBZR,0.0
GALTptspp,0.0
PHEt2rpp,0.0
CPGNtonex,0.0
FE3tex,0.0
EX_taur_LPAREN_e_RPAREN_,0.0
EX_minohp_LPAREN_e_RPAREN_,0.0
ACGAptspp,0.0
EX_ca2_LPAREN_e_RPAREN__reverse,0.00446427670255626
CS,4.305678506419644
GLYCtpp,0.0
SFGTHi,0.0
PPAKr_reverse,0.0
ALAtex,0.0
NO2t2rpp_reverse,0.0
Zn2tex,0.00029208918651620123
GP4GH,0.0
EX_zn2_LPAREN_e_RPAREN_,0.0
COLIPAPabctex,0.0
HCINNMtex,0.0
NMNN,0.0
CPPPGO2,0.0
ALAR_reverse,0.0
TDSK,0.007348206664486284
FHL,0.0
EX_xan_LPAREN_e_RPAREN_,0.0
CD2tpp,0.0
FE3HOXabcpp,0.0
THD2pp,0.0
ACMUMptspp,0.0
FEOXAMUtpp,0.0
DURIK1,0.0
ACGAL1Ptex,0.0
TSULtex,0.0
3NTD9pp,0.0
MDDEP3pp,0.0
ACACT2r,0.0
FE3HOXR1,0.0
TARTD,0.0
FE3HOXR3,0.0
FE3HOXR2,0.0
PYDAMK,0.0
METTRS,0.0
TKT2_reverse,0.0
GLCabcpp,0.0
PA181abcpp,0.0
FUSAtex,0.0
ACGAL1PPpp,0.0
SHCHCS3,0.0004020733863772399
HG2tex_reverse,0.0
O16GALFT,0.0
HKNTDH,0.0
12DGR120tipp,0.0
EX_3hpppn_LPAREN_e_RPAREN_,0.0
EX_LalaDgluMdap_LPAREN_e_RPAREN_,0.0
PTRCt2pp,0.0
ACMANAtex_reverse,0.0
UPLA4FNT,0.0
LPLIPAL2G180,0.0
LPLIPAL2G181,0.0
GUI2,0.0
GUI1,0.0
MCTP2App,0.000606716118905566
GLUtex,0.0
EX_acgal_LPAREN_e_RPAREN_,0.0
MALTHXtexi,0.0
THMDtex,0.0
NMNt7pp,0.0
X5PL3E,0.0
ARGORNt7pp_reverse,0.0
AHCYSNS,0.001208023178808187
INDOLEtex,0.0
AGPAT140,0.0
AGPAT141,0.0
EX_spmd_LPAREN_e_RPAREN_,0.0
GLNS,9.047682520738771
PPALtpp,0.0
RPI_reverse,2.2469189185962226
ALLK,0.0
LALDO3,0.0
SLNTtpp,0.0
EX_ser_DASH_D_LPAREN_e_RPAREN_,0.0
MNt2pp,0.0
TAURtex_reverse,0.0
PLIPA1E160pp,0.0
EX_k_LPAREN_e_RPAREN_,0.0
OPHHX,0.00020103669319082335
CYTDtex_reverse,0.0
DGK1_reverse,0.0
ACNAMtex,0.0
PTRCtex_reverse,0.0
CGLYtex,0.0
HYXNtpp,0.0
2AGPA120tipp,0.0
NDPK7_reverse,0.0
E4PD_reverse,0.0
SUCptspp,0.0
CPH4S,0.0
HYD1pp,0.0
UDPGPpp,0.0
CBItonex,0.0
GTPtex_reverse,0.0
2DGULRGy,0.0
2DGULRGx,0.0
DOPAtex,0.0
2AGPG180tipp,0.0
EX_fruur_LPAREN_e_RPAREN_,0.0
ALLULPE_reverse,0.0
NDPK4,0.02971015811983928
GTHRDtex,0.0
AGMtex,0.0
WCOS,0.0
METS,0.14211851792700209
G1SAT_reverse,0.0
KDOCT2,0.02204461999345885
O16AP1pp,0.0
ACOLIPAabctex,0.0
PROD2,0.0
REPHACCOAI,0.0
G3PStex,0.0
ENLIPAabctex,0.0
PSCLYStex,0.0
HOMtex,0.0
EX_manglyc_LPAREN_e_RPAREN_,0.0
PE120abcpp,0.0
TAGURr,0.0
EX_pacald_LPAREN_e_RPAREN_,0.0
EX_ins_LPAREN_e_RPAREN_,0.0
GLYCDx,0.0
RBP4E,0.0
MNLtex_reverse,0.0
CHTBStex,0.0
ARBt2rpp,0.0
NH4tex_reverse,0.0
DSERDHr_reverse,0.0
ACOAD4f,0.0
GALS3,0.0
DMStex,0.0
EX_enter_LPAREN_e_RPAREN_,0.0
EX_rfamp_LPAREN_e_RPAREN_,0.0
XYLtex_reverse,0.0
THRtex_reverse,0.0
XYLK,0.0
PSERtex_reverse,0.0
U23GAAT,0.014696413328972568
AMPN,0.0
FE3HOXexs,0.0
DXYLK,0.0
PAPPT3,0.024860936717769386
3HCINNMH,0.0
ORNabcpp,0.0
PG160abcpp,0.009718276020508176
FLVR,0.0
NADPHQR3,0.0
NADPHQR4,0.0
EX_5mtr_LPAREN_e_RPAREN_,0.006079782326744632
HG2tex,0.0
ADOCBLS,0.0
DM_5DRIB,0.00040928546505665227
MLTGY3pp,0.0
DCMPtex_reverse,0.0
LADGMDH,0.0
DDGALK,0.0
CPGNabcpp,0.0
ECAP1pp,0.0
3OAR80,0.2823393576514707
EAR140x,0.11670315266074628
O16A4COLIPAabctex,0.0
EAR140y,0.0
DCYTD,0.0
SELGTHR,0.0
VPAMTr_reverse,0.0
AP5AH,0.0
AACPS7,0.0
IDONtex,0.0
GLCtex,10.0
AB6PGH,0.0
BALAtex_reverse,0.0
HCO3E_reverse,0.0
RNDR2b,0.0
BTS5,1.8030196698530937e-06
EX_3amp_LPAREN_e_RPAREN_,0.0
TYRtex,0.0
PRPPS_reverse,0.0
HDCAtexi,0.0
DHBD_reverse,0.0
SBTptspp,0.0
MALtex_reverse,0.0
MOBDtex,0.00012350684738493694
FACOAE100,0.0
ADD,0.0
ADA,0.0
GALCTND,0.0
GLCDpp,0.0
FDH4pp,0.0
EDTXS4,0.0
EDTXS1,0.007348206664486284
EDTXS2,0.007348206664486284
EDTXS3,0.0
LALALGLUtex,0.0
OPHBDC,0.00020103669319082335
GLCRt2rpp_reverse,0.0
FA120ACPHi,0.0
GTHPi,0.0
FE3DHBZStonex,0.0
EX_fru_LPAREN_e_RPAREN_,0.0
Kt3pp,0.0
NDPK2_reverse,0.0
UAGDP,0.06441828676451133
FACOAL160t2pp,0.0
ASPt2rpp,0.0
MANAO_reverse,0.0
O2tpp,18.0
R5PPpp,0.0
HPPPNt2rpp,0.0
LIPOt2pp,0.0
Ktex_reverse,0.0
SHCHD2,0.00020103669318861995
ALAt4pp,0.0
ASPt2_3pp,0.0
MCITL2_reverse,0.0
ACGALtex,0.0
ECA4COLIPAabctex,0.0
NO3tex,0.0
FE2tex_reverse,0.0
OXAMTC,0.0
ANHGMtex_reverse,0.0
H2Stex_reverse,0.0
SPODM,0.0
GLUabcpp,0.0
TPRDCOAS,0.0
NTD8,0.0
NTD9,0.0
NTD6,0.0
NTD7,0.0
NTD4,0.0
NTD5,0.0
NTD2,0.0
NTD3,0.0
NTD1,0.0
THMDt2rpp,0.0
NAtex,0.0
METAT,0.007899930683467948
ME2,0.0
GK1_reverse,0.0
GBBTNtex,0.0
3OAS120,0.15344418598317772
3OAS121,0.1288924671387882
PLIPA1A160pp,0.0
ACALDtex_reverse,0.0
PSD161,0.03096686282972689
INStex,0.0
DOXRBCNtpp,0.0
RHCCE,0.001208023178808187
PPCK,0.0
CTECOAI6,0.0
CTECOAI7,0.0
CMtex_reverse,0.0
GALTtex_reverse,0.0
EX_all_DASH_D_LPAREN_e_RPAREN_,0.0
PACALDtex,0.0
23CAMPtex_reverse,0.0
CTECOAI8,0.0
G6PDH2r,4.751631198633057
HCYSMT,0.0
NMNAT,0.0
AMAOTr_reverse,0.0
Kabcpp,0.0
MELIBt2pp,0.0
NTP10,0.0
H2tex_reverse,0.0
PPPNtex,0.0
MANGLYCtex_reverse,0.0
EX_LalaDglu_LPAREN_e_RPAREN_,0.0
NACODA,0.0
DSERtex,0.0
HG2t3pp,0.0
PYRt2rpp_reverse,0.0
THRPtex_reverse,0.0
NI2t3pp,0.0
GDPMNH,0.0
BMOCOS,0.00010457514085147944
UM4PL,0.0
ACMUMtex,0.0
LPLIPAL1A120pp,0.0
GDPMNP,0.0
MMETt2pp,0.0
ADK4_reverse,0.0
DHACOAH,0.0
MALDDH,0.0
LALALGLUtex_reverse,0.0
PHETA1_reverse,0.1622907019933119
MN2tpp,0.0005931934713816679
EX_cl_LPAREN_e_RPAREN_,0.0
PE180abcpp,0.0
FOMETRi,0.0
ARBTNabcpp,0.0
EX_nac_LPAREN_e_RPAREN_,0.0
EX_peamn_LPAREN_e_RPAREN_,0.0
EX_tmao_LPAREN_e_RPAREN_,0.0
FUCtpp_reverse,0.0
PAPA160,0.0
PAPA161,0.0
MOADSUx,0.00044354283878386106
EX_akg_LPAREN_e_RPAREN_,0.0
MALTPTabcpp,0.0
ACACT3r,0.0
MINOHPtexi,0.0
RNTR3c2,0.0
PGPP120pp,0.0
FEOXAMtonex,0.0
FMETTRS,0.0
EX_glcur1p_LPAREN_e_RPAREN_,0.0
GPDDA3pp,0.0
PTRCORNt7pp,0.0
ASCBtex_reverse,0.0
12DGR181tipp,0.0
TYRt2rpp,0.0
NTPP9,0.0
NTPP8,0.0
NTPP7,0.0
NTPP6,0.0
NTPP5,0.0
NTPP4,0.0
NTPP3,0.0
NTPP2,0.0
DM_4CRSOL,0.00020103669318861995
EX_chtbs_LPAREN_e_RPAREN_,0.0
ACOTA_reverse,0.295184971289339
FCLPA,0.0
F6Pt6_2pp,0.0
EX_din_LPAREN_e_RPAREN_,0.0
MAN6PI,0.0
PPALtex,0.0
3HAD100,0.28233665312196593
HPPPNDO,0.0
DMSOR2pp,0.0
AMPMS3,0.00020103669318861995
LCADi,0.0
CHLt2pp,0.0
MCITS,0.0
SPMDtex_reverse,0.0
MCITD,0.0
FUMtex_reverse,0.0
ALAGLUE_reverse,0.0
EX_quin_LPAREN_e_RPAREN_,0.0
HIStex,0.0
H2Otex_reverse,43.08205905007991
PA160abcpp,0.0
3AMPtex_reverse,0.0
URAt2rpp,0.0
SULRi,0.22344552315538907
DINStex,0.0
12PPDStpp_reverse,0.0
PSSA181,0.015960330117539584
PSSA180,0.0
TCYNTtex,0.0
SULFACtex,0.0
DRPA,0.0
CLPNH140pp,0.0
OCTAtex,0.0
EX_pi_LPAREN_e_RPAREN__reverse,0.8358312374127288
DIMPtex_reverse,0.0
ACPPAT161,0.0
ACPPAT160,0.0
SO3tex_reverse,0.0
G1PTT,0.007348206664486284
CD2tex,0.0
PNTOtex_reverse,0.0
GALT1,0.007348206664486284
URAtex,0.0
TYRL,0.00020103669318861995
TRPS2,0.0
LPLIPAL1G161pp,0.0
GLYCAt2rpp_reverse,0.0
EX_gam6p_LPAREN_e_RPAREN_,0.0
GBBTNtex_reverse,0.0
EX_glyclt_LPAREN_e_RPAREN_,0.0
EX_fe2_LPAREN_e_RPAREN__reverse,0.013997743206904494
PE161abcpp,0.02229614123740336
EAR141y,0.0
EAR141x,0.1288924671387882
TRPS3,0.04979399422233289
CRNCAL2,0.0
PPBNGS,0.0024124403182634395
MLTG1,0.0
pyr_to_23dhmb,0.7658668621438287
SULFACabcpp,0.0
EX_melib_LPAREN_e_RPAREN_,0.0
MLTG3,0.0
IPPMIa_reverse,0.39466117251447386
MLTG2,0.0
TAGURr_reverse,0.0
TYRPpp,0.0
HISTRS,0.0
CBPS,0.0
MALDt2_2pp,0.0
AGM3PA,0.0
TYRtex_reverse,0.0
AGM3PH,0.0
EX_succ_LPAREN_e_RPAREN_,0.0
EX_cu2_LPAREN_e_RPAREN__reverse,0.0006076176287404926
TMDK1,0.0
EX_f6p_LPAREN_e_RPAREN_,0.0
LPLIPAL1A160pp,0.0
PGP140abcpp,0.0
PHYTSpp,0.0
12DGR141tipp,0.0
ASPt2rpp_reverse,0.0
EX_phe_DASH_L_LPAREN_e_RPAREN_,0.0
LPLIPAL2ATG161,0.0
LPLIPAL2ATG160,0.0
DAPtex_reverse,0.0
GLCURt2rpp_reverse,0.0
GLYC3Pabcpp,0.0
ACOAD5f,0.0
EX_pppn_LPAREN_e_RPAREN_,0.0
HOMt2pp,0.0
PLIPA2G141pp,0.0
GMPtex_reverse,0.0
TSULabcpp,0.0
DHFR,0.023166098228107418
LPLIPAL2ATE180,0.0
SUCMALtpp,0.0
NH4tpp,9.471513846982093
VALTA,0.0
MPTSS,0.00044354283878386106
TMAOR1,0.0
R5PP,0.0
OGMEACPD,1.8030196698530937e-06
LPLIPAL2A120,0.0
CFAS160G,0.0
CFAS160E,0.0
ICHORS,0.0010051834659430998
ADK4,0.0
ADK3,0.0
ACALDtpp,0.0
PLIPA2E141pp,0.0
OGMEACPR,1.8030196698530937e-06
OGMEACPS,1.8030196698530937e-06
GLYALDtpp,0.0
ALLtex_reverse,0.0
CRNtex_reverse,0.0
FEROpp,0.0
ptrc_to_4abut_1,0.0
PHEtex_reverse,0.0
PLIPA1G161pp,0.0
APG3PAT181,0.0
APG3PAT180,0.0
SADH,0.0
LALALGLUtpp,0.0
XANtpp_reverse,0.0
PA161abcpp,0.0
PACALDt2rpp_reverse,0.0
CRNCDH,0.0
PGPP141,0.0
PGPP140,0.0
CYTDt2rpp,0.0
TDPADGAT,0.0
AMMQLT8,0.00020103669318861995
USHD,0.007348206664486284
UAAGDS,0.024860936717769386
PUNP4_reverse,0.0
GLCP2,0.0
PG180abcpp,0.0
M1PD,0.0
RNDR3b,0.0
COtex,0.00020103669318861995
G3PCabcpp,0.0
EX_cpgn_LPAREN_e_RPAREN_,0.0
FUM_reverse,0.0
ACONMT,0.0
TRPtex_reverse,0.0
ATPS4rpp_reverse,0.0
TREptspp,0.0
GALCTtex,0.0
URAt2rpp_reverse,0.0
EX_acgam1p_LPAREN_e_RPAREN_,0.0
ALR2,0.0
ENTERES,0.0
TUNGStex,0.0
THMtex_reverse,0.0
ACNAMt2pp,0.0
FMNRx2,0.0
ALLTNtex_reverse,0.0
O16AT,0.0
DSBAO2,0.0
DSBAO1,0.0
5MTRtex_reverse,0.006079782326744632
MINCYCtex,0.0
ASAD_reverse,0.9431073017297276
SO3tex,0.0
3OXCOAT,0.0
DMSOR1pp,0.0
FBA3_reverse,0.0
PLIPA1E161pp,0.0
2AGPE161tipp,0.0
IDONtex_reverse,0.0
LCTStpp_reverse,0.0
METDtex,0.0
TMAOtex,0.0
CYANtex,0.0
EX_tyrp_LPAREN_e_RPAREN_,0.0
MELIBtex_reverse,0.0
G3PD2_reverse,0.14572365575686674
ORNDC,0.03607301453475085
APG3PAT161,0.0
APG3PAT160,0.0
EX_ttdcea_LPAREN_e_RPAREN_,0.0
CYTDt2pp,0.0
FEENTERabcpp,0.0
EX_nmn_LPAREN_e_RPAREN_,0.0
UHGADA,0.014696413328972568
PDE4,0.0
PDE1,0.0
PItex,0.8358312374127288
CYTK1,0.14766100039214147
CYTK2,0.0
VALt2rpp_reverse,0.0
L_DASH_LACD2,0.0
L_DASH_LACD3,0.0
AGPAT160,0.05467747299813
AGPAT161,0.04252782495282492
ECA4OALpp,0.0
O16AP2pp,0.0
PUNP2_reverse,0.0
URItex_reverse,0.0
NODOy,0.0
2AGPE160tipp,0.0
RMNtex_reverse,0.0
EX_novbcn_LPAREN_e_RPAREN_,0.0
EX_sel_LPAREN_e_RPAREN_,0.0
KDOPS,0.02204461999345885
EX_4abut_LPAREN_e_RPAREN_,0.0
GLUt4pp,0.0
SERt2rpp,0.0
H2tpp,0.0
DCTPD,0.0
ETHAtex_reverse,0.0
ZN2tpp,0.00029208918651620123
SKMtex_reverse,0.0
CLPNS140pp,0.0
GLYC2Pabcpp,0.0
XTSNt2rpp_reverse,0.0
GDMANE,0.0
PGPP160pp,0.0
GLUABUTt7pp_reverse,0.0
CD2abcpp,0.0
ENO,14.47595670346088
XYLI1,0.0
RBP4E_reverse,0.0
DHMPTR,0.0
2AGPG160tipp,0.0
O2Stex_reverse,0.0
EX_arbtn_LPAREN_e_RPAREN_,0.0
IPPMIb_reverse,0.39466117251447386
ARGAGMt7pp,0.0
G1SAT,0.004824880636526879
UREAtpp_reverse,0.0
FADRx,0.000698670122068075
MSO3tex,0.0
4HOXPACDtex_reverse,0.0
MCTP1App,0.005456839030810389
ACPPAT120,0.0
12DGR140tipp,0.0
5DGLCNtex_reverse,0.0
ACOAD6f,0.0
EX_acgam_LPAREN_e_RPAREN_,0.0
EX_sulfac_LPAREN_e_RPAREN_,0.0
TMAtex,0.0
MNNH,0.0
glu_DASH_L_to_glu5sa,0.1936425095225524
ACGAM1Ptex_reverse,0.0
DTARTD,0.0
S7PI,0.029392826657945136
XYLt2pp,0.0
PUNP1_reverse,0.0076970909706094714
PETNT161pp,0.0
RBK_L1,0.0
CRNt2rpp_reverse,0.0
EX_lipoate_LPAREN_e_RPAREN_,0.0
UAGAAT,0.014696413328972568
SBTPD,0.0
LYSDC,0.0
UAG2E_reverse,0.0
LPLIPAL2ATE181,0.0
UDPG4E_reverse,0.0
ADNCYC,0.0
QUIN2tpp,0.0
CRNt7pp,0.0
EX_zn2_LPAREN_e_RPAREN__reverse,0.00029208918651620123
GALCTNLtex,0.0
AMPTASECG,0.0
PDH,8.54359828002151
thre_DASH_L_to_gly,0.0
ALLtex,0.0
GUAtex_reverse,0.0
GAM6Pt6_2pp,0.0
GALUi,0.029392826657945136
PYRtex,0.0
PERD_reverse,0.0
CLPNH181pp,0.0
NI2tpp,0.00027676351932244986
ARBTtex,0.0
SO4tex,0.227165152734296
EX_adn_LPAREN_e_RPAREN_,0.0
THRA2i,0.0
ASPTA_reverse,2.5696897772597804
SDPTA_reverse,0.3254675881543566
URIK2,0.0
MLTP2_reverse,0.0
I4FE4ST,0.00022627896856656365
I4FE4SR,0.00022627896856656365
LPLIPAL1G180pp,0.0
O16AP3pp,0.0
NADH17pp,0.0
UPPRT,0.0
PGPP120,0.0
AMPtex_reverse,0.0
MN6PP,0.0
SLNTtex_reverse,0.0
GAPD_reverse,0.0
FEENTERR1,0.0
FEENTERR2,0.0
FEENTERR3,0.0
FECRMR1,0.0
FECRMR2,0.0
FECRMR3,0.0
APH180,0.0
APH181,0.0
23PDE2pp,0.0
UPLA4FNF,0.0
BSORy,0.0
BSORx,0.0
3UMPtex_reverse,0.0
POAACR,0.0
PLIPA1A120pp,0.0
APH160,0.0
APH161,0.0
BUTtex,0.0
HXAtex_reverse,0.0
EX_pydxn_LPAREN_e_RPAREN_,0.0
AACPS8,0.0
AACPS9,0.0
LPLIPAL2E120,0.0
FACOAE120,0.0
AACPS4,0.0
AACPS5,0.0
AACPS6,0.0
EX_cu_LPAREN_e_RPAREN_,0.0
AACPS1,0.0
AACPS2,0.0
AACPS3,0.0
DOXRBCNtex_reverse,0.0
GLCtex_reverse,0.0
XMPtex,0.0
GALCTLO,0.0
MG2tex,0.007440160667648792
ACCOAL,0.0
CITL,0.0
QUIN2tex_reverse,0.0
FORtppi,0.0
aspsa_to_sl2a6o,0.3254675881543566
ACCOAC,1.9687974118879024
EX_cbi_LPAREN_e_RPAREN_,0.0
EX_g6p_LPAREN_e_RPAREN_,0.0
AKGDH,3.324704185583662
MANPGH,0.0
MDDEP2pp,0.0
ATPHs,0.0
AICART_reverse,0.0
MTHFC,0.763698730990528
XYLabcpp,0.0
LCARR_reverse,0.0
NADH18pp,0.0
UDCPDPS,4.958304092095994e-05
MMETtex,0.0
COLIPAKpp,0.0
GALCTtex_reverse,0.0
METSOX2abcpp,0.0
VALtex_reverse,0.0
RMNtpp,0.0
G2PP,0.0
PPGPPDP,0.0
ALAt2pp,0.0
RFAMPtex,0.0
3OAR100,0.28233665312196593
OCTDPS,0.0006031100795680633
LIPAHT2ex,0.0
EX_mso3_LPAREN_e_RPAREN_,0.0
EX_arbt_LPAREN_e_RPAREN_,0.0
MALt2_3pp,0.0
ALTRH,0.0
MOCOS,0.0001171962785404511
MALTPTtexi,0.0
METSOX2tex_reverse,0.0
SERTRS2,0.0
DHAtpp,0.0
GPDDA2pp,0.0
R5Ptex_reverse,0.0
AGMT,0.0
EX_3hcinnm_LPAREN_e_RPAREN_,0.0
CPGNUtpp,0.0
UREAtex_reverse,0.0
ACtex_reverse,1.6488637620683915
SUCRtex_reverse,0.0
TPI,7.312900874304195
EX_enlipa_LPAREN_e_RPAREN_,0.0
NO3tex_reverse,0.0
PYRtex_reverse,0.0
G1Ptex_reverse,0.0
PGI_reverse,0.0
GLYCLTt4pp,0.0
CBLAT_reverse,0.0
BMOGDS2,0.00010457514085147944
FBA3,1.393982433575544
MDDCP1pp,0.004911425580679828
FACOAL60t2pp,0.0
ULA4NFT,0.0
UDPKAAT,0.0
CYNTAH,0.0
CYTDH,0.0
DCYTt2pp,0.0
THMDt2pp,0.0
EX_lipa_cold_LPAREN_e_RPAREN_,0.0
CTBTt2rpp_reverse,0.0
EX_eca4colipa_LPAREN_e_RPAREN_,0.0
AGM4PCPpp,0.0
CU2tpp,0.0006076176287404926
EX_gthrd_LPAREN_e_RPAREN_,0.0
PAPA140,0.0
PAPA141,0.0
5DGLCNtex,0.0
ALLTNtex,0.0
G3PCtex,0.0
ALR4x,0.0
SULFACtex_reverse,0.0
CYStex,0.0
QMO2,0.0
PAPA120pp,0.0
EX_agm_LPAREN_e_RPAREN_,0.0
MOGDS,6.310568844485828e-06
EX_udpglcur_LPAREN_e_RPAREN_,0.0
GLNtex_reverse,0.0
UMPSYN_aerobic,0.28877523636301117
PSD180,0.0
PSD181,0.015960330117539584
EX_o16a4colipa_LPAREN_e_RPAREN_,0.0
3HAD120,0.15344418598317772
3HAD121,0.1288924671387882
ARGDCpp,0.0
SO2tex_reverse,0.0
DAGK120,0.0
PYDXtpp,0.0
UDPGtex_reverse,0.0
CSNt2pp,0.0
SUCCt2_2pp,0.0
EX_galctn_DASH_L_LPAREN_e_RPAREN_,0.0
NTD5pp,0.0
PAPA160pp,0.0
GLUtex_reverse,0.0
THRAi,0.0
MOCDS,6.310568844485828e-06
GARFT,0.2884759350975425
G3PT,0.0
GDPtex_reverse,0.0
GLYCAtex,0.0
ADOCBIK,0.0
MALTHXabcpp,0.0
2AGPG161tipp,0.0
HXPRT,0.0
GDPDPK,0.0
EX_cytd_LPAREN_e_RPAREN_,0.0
EX_inost_LPAREN_e_RPAREN_,0.0
GLCP,0.0
DDPGALA,0.0
LALADGLUtex_reverse,0.0
CBIAT_reverse,0.0
QUIN2tpp_reverse,0.0
DHAtex_reverse,0.0
ARBabcpp,0.0
TRSARr,0.0
PUNP5_reverse,0.0
MNtex,0.0005931934713816679
G3PEtex,0.0
LPLIPAL1A161pp,0.0
PUNP4,0.0
AACTOOR,0.0
QMO3,0.0
FACOAL161t2pp,0.0
UACMAMO,0.0
26DAHtex_reverse,0.0
PDX5POi,0.00020103669318861995
CLPNS181pp_reverse,0.0
CFAS180E,0.0
ARBTNtonex,0.0
OHPBAT_reverse,0.0
ASO3tex,0.0
INSH,0.0
PLIPA2A120pp,0.0
INSK,0.0
MALCOAMT,1.8030196698530937e-06
PYRt2rpp,0.0
AMANAPEr,0.0
EX_g3pe_LPAREN_e_RPAREN_,0.0
ACGALtex_reverse,0.0
GND,4.751631198633057
ILETA_reverse,0.25450163545877375
GNK,0.0
NADH10,0.0
GLCNt2rpp,0.0
LYSabcpp,0.0
CLPNS180pp,0.0
SELNPS,0.0
EX_cbl1_LPAREN_e_RPAREN__reverse,0.00020103669318861995
PLIPA2A161pp,0.0
QUIN2tex,0.0
PLIPA2E140pp,0.0
CLPNS161pp_reverse,0.0
EX_damp_LPAREN_e_RPAREN_,0.0
ACOAD7f,0.0
DHNPA2r_reverse,0.0
CYTDt2rpp_reverse,0.0
EX_ag_LPAREN_e_RPAREN_,0.0
3OAS80,0.2823393576514707
GLYtex,0.0
SELtpp,0.0
ALAALAD,0.0
ACONTa,4.305678506419644
DADK,0.0
2AGPE140tipp,0.0
LPLIPAL2ATG141,0.0
LPLIPAL2ATG140,0.0
DADA,0.0
ALAALAr,0.021890461811686412
PSSA141,0.0
PSSA140,0.0
N2Otex_reverse,0.0
2AGPEAT120,0.0
EX_thymd_LPAREN_e_RPAREN_,0.0
EX_hg2_LPAREN_e_RPAREN_,0.0
PA180abcpp,0.0
2AGPA140tipp,0.0
MALt2_2pp,0.0
NTPP10,0.0
HPYRI_reverse,0.0
EX_colipap_LPAREN_e_RPAREN_,0.0
FORtex,0.0
EX_duri_LPAREN_e_RPAREN_,0.0
NOVBCNtex,0.0
GLYBabcpp,0.0
GLYC3Ptex_reverse,0.0
LPLIPAL2A140,0.0
LPLIPAL2A141,0.0
EX_cynt_LPAREN_e_RPAREN_,0.0
GLCRD,0.0
SUCCt3pp,0.0
23CUMPtex_reverse,0.0
UGLCURPpp,0.0
EAR161y,0.0
EAR161x,0.1288924671387882
ALLTN,0.0
G6PDH2r_reverse,0.0
3CMPtex_reverse,0.0
DASYN180,0.0
DASYN181,0.021918408616569133
EX_ura_LPAREN_e_RPAREN_,0.0
EX_lac_DASH_L_LPAREN_e_RPAREN_,0.0
SERt4pp,0.0
NTD4pp,0.0
AGDC,0.0
TRPt2rpp,0.0
PROtex_reverse,0.0
PNTOtex,0.0
ASCBPL,0.0
PSP_Lpp,0.0
ASCBptspp,0.0
PGPP161,0.011560962123098036
PGPP160,0.014863192648433981
PG120abcpp,0.0
ETOHtex,0.0
EX_aso3_LPAREN_e_RPAREN_,0.0
DASYN160,0.05467747299813
DASYN161,0.04252782495282492
EX_ala_DASH_B_LPAREN_e_RPAREN_,0.0
AGM3PApp,0.0
XTSNt2rpp,0.0
PLIPA2G140pp,0.0
VPAMTr,0.0
MALTTRtexi,0.0
RNDR3,0.02308946989213872
RNDR2,0.02308946989213872
RNDR1,0.022361951455352996
PSCVT,0.33529314384522313
MTHTHFSs,0.001208023178808187
RNDR1b,0.0
GMAND,0.0
PDXPP,0.0
GALCTNLt2pp,0.0
2AGPA160tipp,0.0
K2L4Aabcpp,0.0
DC6PH,0.0
CHLabcpp,0.0
GLYC3Pt6pp,0.0
SPMDtex,0.0
RNTR2c2,0.0
ASNt2rpp_reverse,0.0
EX_dgmp_LPAREN_e_RPAREN_,0.0
PSSA161,0.03096686282972689
CYSDabcpp,0.0
LCARS_reverse,0.0
HPPPNtex,0.0
GDPtex,0.0
FACOAL180t2pp,0.0
LPLIPAL2ATE140,0.0
DOPAtex_reverse,0.0
RFAMPtpp,0.0
PYK,1.1214250850516743
CLPNS181pp,0.0010637816052133254
LA4NTpp,0.0
CHOLD,0.0
PLIPA2A160pp,0.0
LEUt2rpp_reverse,0.0
EX_ttdca_LPAREN_e_RPAREN_,0.0
AM4PCP,0.0
FRUpts2pp,0.0
BUTSO3abcpp,0.0
EX_skm_LPAREN_e_RPAREN_,0.0
ACONTb_reverse,0.0
MG2tex_reverse,0.0
FA100ACPHi,0.0
FESD2s,0.0
EX_ocdca_LPAREN_e_RPAREN_,0.0
ASPt2pp,0.0
EX_dimp_LPAREN_e_RPAREN_,0.0
TDSR1,0.0
TDSR2,0.0
APG3PAT141,0.0
APG3PAT140,0.0
MICITDr_reverse,0.0
NADH5,0.0
CU2tex_reverse,0.0
LCARS,0.0
CHORM,0.2832877459978133
BALAtex,0.0
DHACOAH_reverse,0.0
PLIPA1E120pp,0.0
MAN6PI_reverse,0.0
CHORS,0.33529314384522313
FRULYStex,0.0
MCTP1Bpp,0.0012125307279762057
HYXNtex_reverse,0.0
HCO3E,2.360829781723701
EX_3gmp_LPAREN_e_RPAREN_,0.0
AGPAT180,0.0
AGPAT181,0.021918408616569133
XANtex_reverse,0.0
CHTBSptspp,0.0
2AGPE180tipp,0.0
N2Otpp_reverse,0.0
AM4PA,0.0
AMANK,0.0
3NTD7pp,0.0
TARTRtex,0.0
DMATT,0.0008537298136776431
LPLIPAL1G140pp,0.0
THRt2pp,0.0
GLCRtex_reverse,0.0
3GMPtex,0.0
EX_slnt_LPAREN_e_RPAREN_,0.0
ACACT8r,0.0
MNLtex,0.0
ICDHyr,4.305678506419644
hom_DASH_L_to_thr_DASH_L,0.4767292188271771
CLPNS160pp_reverse,0.0
LIPACabcpp,0.0
THRabcpp,0.0
PHEMEtiex,0.0
MCPST,0.0
EX_gam_LPAREN_e_RPAREN_,0.0
FBP,0.0
HISabcpp,0.0
LPLIPAL1E180pp,0.0
FEENTERtpp,0.0
COBALT2tpp,2.1636236038237127e-05
FBA,6.066696637399312
FBA_reverse,0.0
2AGPE141tipp,0.0
CBIAT,0.0
CMtpp,0.0
AMPtex,0.0
SELCYSS,0.0
EX_pydam_LPAREN_e_RPAREN_,0.0
ACGAtex,0.0
ACOAD8f,0.0
ARGTRS,0.0
GLYC2Ptex_reverse,0.0
MDDEP4pp,0.0
TGBPA_reverse,0.0
PPKr_reverse,2.9506975833243563
ACACtex,0.0
LPLIPAL1G181pp,0.0
EX_gmp_LPAREN_e_RPAREN_,0.0
TARTRDtex,0.0
GLUSy,7.481314591612964
GUAt2pp,0.0
ICDHyr_reverse,0.0
TREtex_reverse,0.0
LSERDHr_reverse,0.0
SERtex,0.0
TUNGSabcpp,0.0
PPND,0.12099704400450143
PLIPA2G181pp,0.0
A5PISO_reverse,0.0
ACONTa_reverse,0.0
EX_rib_DASH_D_LPAREN_e_RPAREN_,0.0
ICL,0.0
TRPAS2_reverse,0.04979399422233289
DGK1,0.0
ALAabcpp,0.0
EX_gsn_LPAREN_e_RPAREN_,0.0
EX_acald_LPAREN_e_RPAREN_,0.0
EX_sucr_LPAREN_e_RPAREN_,0.0
EX_cys_DASH_L_LPAREN_e_RPAREN_,0.0
SUCCtex,0.0
FALDtex,0.0
EX_fe3dcit_LPAREN_e_RPAREN_,0.0
G3PGabcpp,0.0
PFK,6.066696637399312
PFL,0.10154606780637003
GRXR,0.0
EX_23dappa_LPAREN_e_RPAREN_,0.0
PEAMNtex,0.0
FUCtpp,0.0
DSERtex_reverse,0.0
GLUt2rpp,0.0
ALLULPE,0.0
EX_ile_DASH_L_LPAREN_e_RPAREN_,0.0
SUCRtex,0.0
EX_tartr_DASH_D_LPAREN_e_RPAREN_,0.0
AADDGT,0.0
GUAPRT,0.0
O16A4Lpp,0.0
3pg_to_ser_DASH_L,1.4289228381829666
GLYCLTtex_reverse,0.0
TYRTRS,0.0
ARBTNtpp,0.0
EX_hxa_LPAREN_e_RPAREN_,0.0
23CCMPtex_reverse,0.0
PGK_reverse,15.904879541643847
FORCT,0.0
ATPM,3.15
TYRt2rpp_reverse,0.0
3NTD4pp,0.0
UDPGALtex,0.0
APH140,0.0
APH141,0.0
FACOAE141,0.0
FACOAE140,0.0
BUTSO3tex_reverse,0.0
3HPPtex_reverse,0.0
FACOAL100t2pp,0.0
GLCRAL,0.0
SHK3Dr_reverse,0.0
NNDMBRT,0.0
H2O2tex_reverse,0.0
DINSt2pp,0.0
NACtex_reverse,0.0
PYNP2r,0.0
EX_etoh_LPAREN_e_RPAREN_,0.0
NI2tex_reverse,0.0
EX_acgal1p_LPAREN_e_RPAREN_,0.0
CDGR,0.0
CDGS,0.0
DHNAOT4,0.0004020733863772399
ACODA,0.295184971289339
EX_lipa_LPAREN_e_RPAREN_,0.0
2AGPGAT120,0.0
MEOHtex_reverse,1.8030196698530937e-06
DKGLCNR2x,0.0
EX_ser_DASH_L_LPAREN_e_RPAREN_,0.0
NDPK1_reverse,0.0
PTAr_reverse,0.0
ETOHtrpp_reverse,0.0
PPAtex,0.0
GPDDA5pp,0.0
EX_dad_DASH_2_LPAREN_e_RPAREN_,0.0
TYRPtex_reverse,0.0
PROtex,0.0
MNLptspp,0.0
NAt3_2pp,0.0
D_DASH_LACt2pp_reverse,0.0
GTPDPK,0.0
EX_ala_DASH_L_LPAREN_e_RPAREN_,0.0
UGLT,0.0
3OAR121,0.1288924671387882
3OAR120,0.15344418598317772
EX_fe2_LPAREN_e_RPAREN_,0.0
INSTtex_reverse,0.0
5DGLCNR,0.0
CYStex_reverse,0.0
FCLPA_reverse,0.0
LSERDHr,0.0
DHNCOAT,0.0004020733863772399
MICITDr,0.0
PEAMNOpp,0.0
DHNCOAS,0.0004020733863772399
MG2uabcpp,0.0
CSNtex_reverse,0.0
G6Pt6_2pp,0.0
XANtex,0.0
EAR160x,0.10935494599626
EAR160y,0.0
METOX1s,0.0
PPK2r,0.0
MANGLYCptspp,0.0
GTHRDtex_reverse,0.0
DMSOtpp,0.0
METSOX1tex_reverse,0.0
PAPA141pp,0.0
ABTA,0.0
UDPKAAT_reverse,0.0
CADVtpp,0.0
MLTGY2pp,0.0
DHPPD,0.0
CA2tex_reverse,0.0
HCINNMt2rpp_reverse,0.0
FUMt2_2pp,0.0
EX_cit_LPAREN_e_RPAREN_,0.0
MLDEP1pp,0.0012125307279762057
EX_lcts_LPAREN_e_RPAREN_,0.0
HMBS,0.0006031100795658599
SUCCt2_3pp,0.0
THYMt3pp,0.0
EX_h2o2_LPAREN_e_RPAREN_,0.0
PPTtex,0.0
PPPGO3,0.0004020733863772399
PAPA161pp,0.0
PG161abcpp,0.007559159965859095
ASPtex,0.0
FCI,0.0
DALAtex_reverse,0.0
HXAtex,0.0
ACNAMtex_reverse,0.0
TMAOR1pp,0.0
DM_OXAM,0.0
SADT2,0.22344552315538907
ICHORS_reverse,0.0
HACD3,0.0
MALtex,0.0
TYRPtex,0.0
UDCPDP,0.024860936717769386
EX_no_LPAREN_e_RPAREN_,0.0
DAPabcpp,0.0
NTP12,0.0
BTNt2ipp,0.0
DHAD1,0.7658668621438287
ADPT,0.0
SKMtex,0.0
THFSYN,0.0008041467727544216
GLYCtex_reverse,0.0
EX_acac_LPAREN_e_RPAREN_,0.0
GLTPD,0.0
SOTA,0.0
FRULYSDG_reverse,0.0
GLYCAtex_reverse,0.0
GLYt2pp,0.0
TREtex,0.0
CO2tex,0.0
3OAS180,0.0
3OAS181,0.04383681723313837
THFAT,0.0
COASYN,0.0005192696649176654
AMALT4,0.0
PROGLYtex,0.0
ARGDC,0.0
CAT,0.0
FA160ACPHi,0.0
VALTA_reverse,0.37068641996443724
EX_thrp_LPAREN_e_RPAREN_,0.0
GLCTR1,0.007348206664486284
GLCTR2,0.007348206664486284
GLCTR3,0.007348206664486284
HEX1,0.0
DAGK141,0.0
DAGK140,0.0
HEX4,0.0
HEX7,0.0
RIBtex_reverse,0.0
MINCYCtex_reverse,0.0
G1PACT,0.06441828676451133
PPNDH,0.1622907019933119
PGL,4.751631198633057
PGM,0.0
PGK,0.0
PACALDtex_reverse,0.0
PGI,5.072626671126692
HEPT4,0.007348206664486284
2AGPA141tipp,0.0
HEPT3,0.007348206664486284
HEPT1,0.007348206664486284
DTMPtex_reverse,0.0
VALt2rpp,0.0
ETOHtrpp,0.0
ASPTRS,0.0
CAt6pp,0.0
EX_hdca_LPAREN_e_RPAREN_,0.0
S2FE2SR,0.0
S2FE2SS,0.0
S2FE2ST,0.0
PPA,0.0
EX_feoxam_DASH_un_LPAREN_e_RPAREN_,0.0
FDMO3,0.0
FDMO2,0.0
D_DASH_LACt2pp,0.0
FTHFLi,0.0
FDMO6,0.0
FDMO4,0.0
FEENTERtex,0.0
EX_g3pc_LPAREN_e_RPAREN_,0.0
BUTtex_reverse,0.0
HPPPNtex_reverse,0.0
EX_mobd_LPAREN_e_RPAREN__reverse,0.00012350684738493694
AAMYLpp,0.0
CO2tpp_reverse,19.834272311300612
OHPBAT,0.00020103669318861995
ALATA_L_reverse,0.49514976928423127
UDCPDPpp,0.0
UDPACGALtex_reverse,0.0
I2FE2SS2,0.00022627896856656365
TARTRtex_reverse,0.0
GLYtex_reverse,0.0
PRMICI_reverse,0.0
CBL1abcpp,0.00020103669318861995
PAPA180,0.0
PAPA181,0.0
NOVBCNtex_reverse,0.0
ILEt2rpp_reverse,0.0
ILEtex,0.0
EX_gal_DASH_bD_LPAREN_e_RPAREN_,0.0
CYSSADS,0.0
CRNDt2rpp_reverse,0.0
GLCUR1Ptex,0.0
ALDD3y,0.0
THRt4pp,0.00446427670255626
BMOGDS1,0.00010457514085147944
PAPSR,0.22344552315538907
5DOAN,0.00040928546505665227
EX_gtp_LPAREN_e_RPAREN_,0.0
DURADx_reverse,0.0
PLIPA1A161pp,0.0
SUCCtex_reverse,0.0
EX_g1p_LPAREN_e_RPAREN_,0.0
MPTAT,0.00022177141939193053
FA141ACPHi,0.0
SELGTHR3,0.0
SELGTHR2,0.0
UREAtex,0.0
FACOAL141t2pp,0.0
NTD7pp,0.0
PSCVT_reverse,0.0
TSULtex_reverse,0.0
PHETA1,0.0
DAPtex,0.0
EX_gal1p_LPAREN_e_RPAREN_,0.0
EX_mal_DASH_D_LPAREN_e_RPAREN_,0.0
GLNtex,0.0
CRNabcpp,0.0
ETOHtex_reverse,0.0
DGSNtex,0.0
ACACtex_reverse,0.0
TTRCYCtpp,0.0
CSNtex,0.0
PTRCtex,0.0
NTRIR3pp,0.0
HXCT,0.0
CO2tex_reverse,19.834272311300612
ILEtex_reverse,0.0
3OAS60,0.2823393576514707
EX_alaala_LPAREN_e_RPAREN_,0.0
EX_crn_DASH_D_LPAREN_e_RPAREN_,0.0
GLCptspp,10.0
PLIPA2E160pp,0.0
EX_5dglcn_LPAREN_e_RPAREN_,0.0
PGPP141pp,0.0
PSSA160,0.039814280349696016
EX_3cmp_LPAREN_e_RPAREN_,0.0
MTHFR2,0.14231955462019072
GPDDA2,0.0
G3PGtex_reverse,0.0
EX_feoxam_LPAREN_e_RPAREN_,0.0
EX_acnam_LPAREN_e_RPAREN_,0.0
LCARR,0.0
XYLtex,0.0
PHEtex,0.0
GUAtpp,0.0
EX_mincyc_LPAREN_e_RPAREN_,0.0
SPMDAT1,0.0
SPMDAT2,0.0
12PPDStex_reverse,0.0
LPLIPAL2A160,0.0
LPLIPAL2A161,0.0
PYDAMtex,0.0
PYAM5PO,0.0
OPHHX3,0.0
ILEt2rpp,0.0
O2tex,18.0
DHBD,0.0006031100795658599
CBL1tonex,0.00020103669318861995
EX_ni2_LPAREN_e_RPAREN__reverse,0.00027676351932244986
KARA1,0.0
ILETA,0.0
DHBS,0.0006031100795658599
ALPATG160pp,0.0
FCI_reverse,0.0
DMStex_reverse,0.0
CDAPPA141,0.0
CDAPPA140,0.0
ICHORT,0.0006031100795658599
g1p_to_glycogen,0.13900109691781948
EX_h_LPAREN_e_RPAREN_,9.647837020524173
DASYN140,0.0
DASYN141,0.0
HACD1,0.0
AOXSr2,1.8030196698530937e-06
DAMPtex,0.0
HACD2,0.0
HACD5,0.0
HACD4,0.0
HACD7,0.0
HACD6,0.0
HACD8,0.0
GAMAN6Ptex_reverse,0.0
EX_galur_LPAREN_e_RPAREN_,0.0
AMALT3,0.0
AMALT2,0.0
AMALT1,0.0
GLCRt2rpp,0.0
NTPP1,0.0
NOtpp_reverse,0.0
PPM2,0.0
FALDH2,0.0
2AGPA181tipp,0.0
SPMDt3pp,0.0
DOGULNR,0.0
EX_fuc_DASH_L_LPAREN_e_RPAREN_,0.0
MALTtexi,0.0
G2PPpp,0.0
PSCLYSt2pp,0.0
2AGPG140tipp,0.0
EX_fusa_LPAREN_e_RPAREN_,0.0
EX_glu_DASH_L_LPAREN_e_RPAREN_,0.0
ADSK,0.22344552315538907
ACSERtpp,0.0
G3PGtex,0.0
CLPNH161pp,0.0
LPLIPAL2ATE161,0.0
LPLIPAL2ATE160,0.0
GSPMDA,0.0
HEPK2,0.007348206664486284
HEPK1,0.007348206664486284
ALATA_L,0.0
LPLIPAL1G141pp,0.0
MALTabcpp,0.0
12PPDRtex_reverse,0.0
SERTRS,0.0
EX_2ddglcn_LPAREN_e_RPAREN_,0.0
GSPMDS,0.0
LPLIPAL2A180,0.0
LPLIPAL2A181,0.0
ALATA_L2,0.0
AIRC3,0.0
MPTS,0.00022177141939193053
CYTK1_reverse,0.0
TCYNTtex_reverse,0.0
COLIPAabctex,0.007348206664486284
NTD6pp,0.0
PACCOAE,0.0
12PPDRtpp_reverse,0.0
SLNTtex,0.0
MPTG,0.01212711029943191
GLYCK,0.0
G3PAT180,0.0
G3PAT181,0.021918408616569133
LPLIPAL2G120,0.0
GLYCL,-1.3322676295501878e-13
MLDCP1App,0.0005454134501305609
3PEPTtex,0.0
CGLYabcpp,0.0
FE3HOXUtex,0.0
I2FE2SR,1.8030196698530937e-06
I2FE2SS,0.00024611218493494766
EX_g3ps_LPAREN_e_RPAREN_,0.0
XYLI2,0.0
THRTRS,0.0
I2FE2ST,2.1636236038237124e-05
CRNDCAL2,0.0
LPLIPAL1E181pp,0.0
EX_galct_DASH_D_LPAREN_e_RPAREN_,0.0
GALURtex_reverse,0.0
COLIPAabcpp,0.007348206664486284
PGPP140pp,0.0
OMMBLHX3,0.0
SEPHCHCS,0.0004020733863772399
VALtex,0.0
ACBIPGT,0.0
ALDD19xr_reverse,0.0
DSBGGT,0.0
PACCOAL,0.0
PPPGO,0.0
MCITL2,0.0
EX_cd2_LPAREN_e_RPAREN_,0.0
FEOXAMabcpp,0.0
DHORDfum,0.0
AKGtex,0.0
EX_ala_DASH_D_LPAREN_e_RPAREN_,0.0
PTHRpp,0.0
CLt3_2pp,0.00223213835127813
HEPT2,0.007348206664486284
NTD12pp,0.0
METtex,0.0
PIt2rpp_reverse,0.0
SUCASPtpp,0.0
RPE,2.4818635132706213
PLIPA1E141pp,0.0
BETALDHx,0.0
BETALDHy,0.0
RPI,0.0
CGLYtex_reverse,0.0
NI2abcpp,0.0
PLIPA2G180pp,0.0
CYStpp,0.0
G3PEtex_reverse,0.0
TARTt2_3pp,0.0
G3PD2,0.0
CO2tpp,0.0
G3PD7,0.0
G3PD6,0.0
EX_btn_LPAREN_e_RPAREN_,0.0
CRNt8pp,0.0
ASCBtex,0.0
RMPA,0.0
GLXCL,0.0
GALKr_reverse,0.0
EX_ca2_LPAREN_e_RPAREN_,0.0
TMDS,0.022361951455352996
PYDXNK,0.0
MOAT3C,0.007348206664486284
GARFT_reverse,0.0
DDGLCNtex_reverse,0.0
XYLI2_reverse,0.0
G3PAT160,0.05467747299813
G3PAT161,0.04252782495282492
LYXI,0.0
CU1Opp,0.0
12PPDStpp,0.0
EX_ocdcea_LPAREN_e_RPAREN_,0.0
CLPNH180pp,0.0
PG140abcpp,0.0
34dhpactex_reverse,0.0
GLYt2rpp,0.0
NAMNPP,0.0
BWCOGDS2,0.0
BWCOGDS1,0.0
FRUtex_reverse,0.0
SBTtex,0.0
NTPP11,0.0
EX_lac_DASH_D_LPAREN_e_RPAREN_,0.0
ACOTA,0.0
TYMtex_reverse,0.0
DAAD,0.0
FALGTHLs,0.0
INSt2pp,0.0
ALCD2x,0.0
UAPGR,0.024860936717769386
EX_mn2_LPAREN_e_RPAREN__reverse,0.0005931934713816679
GLBRAN2,0.0
FECRMexs,0.0
ACANTHAT,0.0
CRNCDH_reverse,0.0
PPAKr,0.0
EX_ddca_LPAREN_e_RPAREN_,0.0
EX_15dap_LPAREN_e_RPAREN_,0.0
GLNabcpp,0.0
APG3PAT120,0.0
PE140abcpp,0.0
DAMPtex_reverse,0.0
DURItex_reverse,0.0
IMPSYN_3,0.4750217591997969
GALURt2rpp,0.0
LYSt3pp,0.0
EX_k_LPAREN_e_RPAREN__reverse,0.16740136124751048
3CMPtex,0.0
PYDXtex_reverse,0.0
ARGSL_reverse,0.0
PGP141abcpp,0.0
UACGALPpp,0.0
DADNtex,0.0
DM_AMOB,1.8030196698530937e-06
GLYC2Ptex,0.0
SSALx,0.0
LYStex_reverse,0.0
MEOHtex,0.0
OXCOAHDH,0.0
SSALy,0.0
TGBPA,0.0
FALDH2_reverse,0.0
DM_AACALD,0.0
ENTERES2,0.0
GPDDA4pp,0.0
PYDXNtpp,0.0
GK1,0.21325756051088418
EX_cbl1_LPAREN_e_RPAREN_,0.0
SGSAD,0.0
OCDCEAtexi,0.0
FECRMUtex,0.0
HYD2pp,0.0
GGGABADr_reverse,0.0
SERD_D,0.0
FACOAE161,0.0
FACOAE160,0.0
APH120,0.0
GLYALDtex,0.0
MLTP1_reverse,0.0
e4p_and_pep_to_3dhq,0.33529314384522313
FECRMtonex,0.0
ALDD2y,0.0
ALDD2x,0.0
URAtex_reverse,0.0
G6Ptex,0.0
NO2tex,0.0
XPPT,0.0
GCALDD,0.0008041467727544216
23PDE4pp,0.0
PSERtex,0.0
THZPSN3,0.00020103669318861995
SERD_L,0.0
PHETRS,0.0
udp_to_dump_aerobic,0.022361951455352996
ALLTNt2rpp,0.0
CYTDtex,0.0
EX_crn_LPAREN_e_RPAREN_,0.0
CHLtex_reverse,0.0
2AGPGAT141,0.0
2AGPGAT140,0.0
FA140ACPHi,0.0
CU2abcpp,0.0
H2tex,0.0
MELIBtex,0.0
EX_dca_LPAREN_e_RPAREN_,0.0
GUAD,0.0
NO3R2bpp,0.0
TMK,0.0
FESD1s,0.003348207526917195
FUMt2_3pp,0.0
DHPTDCs2,0.001208023178808187
LDH_D_reverse,0.0
EX_pydx_LPAREN_e_RPAREN_,0.0
DSBDR,0.0
NTRIR2x,0.0
EX_dms_LPAREN_e_RPAREN_,0.0
FUSAtpp,0.0
ALAALAabcpp,0.0029704749060829724
TALA,0.0
MEOHtrpp,0.0
GOFUCR,0.0
HSDy_reverse,0.6176397135753711
PG141abcpp,0.0
NADH16pp,32.376494887179106
ARGt3pp,0.0
TMAOR2pp,0.0
3OAR141,0.1288924671387882
3OAR140,0.14609597931869142
MALDtex_reverse,0.0
LYXtex,0.0
DXPRIi,0.005973404166240925
EX_galctn_DASH_D_LPAREN_e_RPAREN_,0.0
GLCNtex_reverse,0.0
PAPSR2,0.0
THIORDXi,0.0
HKNDDH,0.0
FACOAE181,0.0
FACOAE180,0.0
PUNP6,0.0
PUNP7,0.0
BUTt2rpp_reverse,0.0
LPLIPAL1A180pp,0.0
PUNP2,0.0
5MTRtpp,0.006079782326744632
LPLIPAL2E180,0.0
EX_but_LPAREN_e_RPAREN_,0.0
EX_thym_LPAREN_e_RPAREN_,0.0
DHPTDNRN,0.0
ASPO3,0.0
ASPO4,0.0
ASPO5,0.0
DDGLCNt2rpp_reverse,0.0
GLYt4pp,0.0
CYTDK2,0.0
CPMPS,0.00022177141939193053
EX_udpgal_LPAREN_e_RPAREN_,0.0
TTDCEAtexi,0.0
MDH3,0.0
MDH2,0.0
EX_malthx_LPAREN_e_RPAREN_,0.0
EX_na1_LPAREN_e_RPAREN_,0.0
EX_gln_DASH_L_LPAREN_e_RPAREN_,0.0
PTRCabcpp,0.0
EX_mal_DASH_L_LPAREN_e_RPAREN_,0.0
ASPt2_2pp,0.0
EX_metsox_DASH_S_DASH_L_LPAREN_e_RPAREN_,0.0
F6Ptex_reverse,0.0
FORtex_reverse,0.0
R5Ptex,0.0
DMSOR2,0.0
DMSOR1,0.0
HEMEOS,0.00020103669318861995
NADTRHD,0.0
IPPS,0.39466117251447386
COBALT2t3pp,0.0
PGP160abcpp,0.0
ARBtex,0.0
PG181abcpp,0.0038954239967176093
EX_ppt_LPAREN_e_RPAREN_,0.0
GAL1Ptex,0.0
AGM3Pt2pp,0.0
3KGK,0.0
GALURt2rpp_reverse,0.0
EX_ac_LPAREN_e_RPAREN_,1.6488637620683915
EX_thm_LPAREN_e_RPAREN_,0.0
FRUURtex,0.0
PUNP7_reverse,0.0
MMCD,0.0
TMAtex_reverse,0.0
GAL1PPpp,0.0
EAR100x,0.15344418598317772
EAR100y,0.0
NTPTP2,0.0
DAGK161,0.0
DAGK160,0.0
PSD120,0.0
DHPTPE_reverse,0.0
FEOXAMUtex,0.0
CDAPPA120,0.0
ZN2abcpp,0.0
NO2tex_reverse,0.0
EX_val_DASH_L_LPAREN_e_RPAREN_,0.0
EX_acolipa_LPAREN_e_RPAREN_,0.0
UAGAAT_reverse,0.0
CUt3,0.0
METSOX1tex,0.0
EX_dha_LPAREN_e_RPAREN_,0.0
H2Otpp,0.0
EX_fecrm_DASH_un_LPAREN_e_RPAREN_,0.0
TAURtex,0.0
2obut_and_pyr_to_3mop,0.25450163545877375
GUR1PPpp,0.0
BTNtex,0.0
LIPOtex_reverse,0.0
EX_tym_LPAREN_e_RPAREN_,0.0
ACNML,0.0
MG2t3_2pp,0.007440160667648792
NADN,0.0
GALCTD,0.0
TREH,0.0
MACPD,0.0
SPMDabcpp,0.0
ALDD4,0.0
LIPAabctex,0.0
EX_man_LPAREN_e_RPAREN_,0.0
GALTtex,0.0
EX_o2_LPAREN_e_RPAREN__reverse,18.0
CMtex,0.0
4PCP,0.0
SO4tex_reverse,0.0
TKT2,1.0584882530371322
TKT1,1.423375260233489
HYXNtex,0.0
UDPGLCURtex,0.0
GLCATr,0.0
O2tpp_reverse,0.0
FE2t2pp,0.0
EX_no3_LPAREN_e_RPAREN_,0.0
NTRIR4pp,0.0
SERAT,0.22344552315538907
ASNtex,0.0
EX_cgly_LPAREN_e_RPAREN_,0.0
GPDDA1,0.0
ADEt2rpp_reverse,0.0
GLYt2rpp_reverse,0.0
ALAALAtex_reverse,0.0
CHRPL,0.00020103669319082335
CRNDtex_reverse,0.0
CYNTtex,0.0
ACM6PH,0.0
ACALD,0.0
MANtex_reverse,0.0
METDabcpp,0.0
ARAI_reverse,0.0
CBMKr_reverse,0.0
ACt2rpp,0.0
O16GLCT2,0.0
MDDCP5pp,0.0
23CCMPtex,0.0
O16GLCT1,0.0
GDPTPDP,0.0
GLYCK2,0.0
G6PDA,0.0
SPODMpp,0.0
MPTG2,0.000606716118905566
MLTG5,0.0
MLTG4,0.0
ACACCT,0.0
3HAD80,0.2823393576514707
LPLIPAL2ATG181,0.0
LPLIPAL2ATG180,0.0
EX_glyb_LPAREN_e_RPAREN_,0.0
DKGLCNR1,0.0
HXAND,0.0
G1Ptex,0.0
EX_so4_LPAREN_e_RPAREN_,0.0
EX_halipa_LPAREN_e_RPAREN_,0.0
GLCRtex,0.0
H2St1pp,0.0
G3PIabcpp,0.0
FORCT_reverse,0.0
LDH_D,0.0
RBK,0.0
EX_udpacgal_LPAREN_e_RPAREN_,0.0
ECAtpp,0.0
OMCDC,0.39466117251447386
CBIuabcpp,0.0
SHK3Dr,0.33529314384522313
O16AUNDtpp,0.0
G3PD5,0.0
SARCOX,0.0
ACGAtex_reverse,0.0
CYANtex_reverse,0.0
EX_gdp_LPAREN_e_RPAREN_,0.0
TYRTA,0.0
ACS,0.0
URItex,0.0
ME1,0.0
METOX2s,0.0
IMPtex,0.0
GALCTNt2pp,0.0
EX_etha_LPAREN_e_RPAREN_,0.0
14GLUCANabcpp,0.0
ASPT,0.0
EX_gua_LPAREN_e_RPAREN_,0.0
FDMO,0.0
EX_hom_DASH_L_LPAREN_e_RPAREN_,0.0
AGMt2pp,0.0
PROGLYabcpp,0.0
CLPNH160pp,0.0
PYDXPP,0.0
EX_nh4_LPAREN_e_RPAREN__reverse,9.471513846982093
CYSDtex_reverse,0.0
NHFRBO,0.0
EAR60x,0.2823393576514707
EAR60y,0.0
CDAPPA161,0.0
CDAPPA160,0.0
RMNtex,0.0
NTD1pp,0.0
MLDCP2App,0.0
AGPR_reverse,0.295184971289339
DASYN120,0.0
CYTBDpp,0.0
EX_23cump_LPAREN_e_RPAREN_,0.0
MTHFD,0.763698730990528
CLPNS141pp,0.0
OXDHCOAT,0.0
TARTRDtex_reverse,0.0
TRPS1,0.0
CD2t3pp,0.0
FE2t3pp,0.0
DHAtex,0.0
DURIt2pp,0.0
PPPNtex_reverse,0.0
DOXRBCNtex,0.0
EX_3ump_LPAREN_e_RPAREN_,0.0
3HAD60,0.2823393576514707
2AGPEAT161,0.0
2AGPEAT160,0.0
PLIPA1A180pp,0.0
TDP,0.0
KARA2_reverse,0.0
OHPHM,0.00020103669319082584
UACGAMPpp,0.0
PPAt4pp,0.0
DADNtex_reverse,0.0
POR5_reverse,0.0
ARGtex_reverse,0.0
TYROXDApp,0.0
EX_mn2_LPAREN_e_RPAREN_,0.0
NADDP,0.0
CRNDtex,0.0
GTPtex,0.0
MAN6Ptex_reverse,0.0
NOVBCNtpp,0.0
R1PK,0.0
AOBUTDs,0.0
EX_acmum_LPAREN_e_RPAREN_,0.0
EAR181y,0.0
EAR181x,0.04383681723313837
MDDCP4pp,0.004851024421739749
NTD9pp,0.0
CYANSTpp,0.0
GLYCLTDy,0.0
HSDy,0.0
XYLK2,0.0
NOtpp,0.0
GLYCLTDx,0.0
FE2abcpp,0.0
EX_lyx_DASH_L_LPAREN_e_RPAREN_,0.0
NMNDA,0.0
ASO3tex_reverse,0.0
THMDt2rpp_reverse,0.0
GMHEPPA,0.029392826657945136
DCMPtex,0.0
CDAPPA181,0.0
CDAPPA180,0.0
TYRTA_reverse,0.12099704400450143
FUCtex,0.0
PGMT,0.0
EX_co2_LPAREN_e_RPAREN_,19.834272311300612
GLYAT,0.0
DHFR_reverse,0.0
ANHGMtex,0.0
EX_26dap_DASH_M_LPAREN_e_RPAREN_,0.0
EX_malt_LPAREN_e_RPAREN_,0.0
GLYALDtex_reverse,0.0
GLYCLTtex,0.0
SUCTARTtpp,0.0
ZNabcpp,0.0
LPLIPAL2ATE141,0.0
EX_ttrcyc_LPAREN_e_RPAREN_,0.0
EX_g3pi_LPAREN_e_RPAREN_,0.0
DHPTDNR,0.0
UAMAGS,0.024860936717769386
EX_pro_DASH_L_LPAREN_e_RPAREN_,0.0
ACGAL1Ptex_reverse,0.0
FRUURt2rpp,0.0
ADNtex,0.0
PYDXtex,0.0
LPLIPAL1E141pp,0.0
FACOAE60,0.0
DHBSH,0.0
M1PD_reverse,0.0
GLYOX3,0.0
ACACT4r,0.0
GLYCLTt2rpp_reverse,0.0
PPTHpp,0.0
EX_cobalt2_LPAREN_e_RPAREN__reverse,2.1636236038237127e-05
PLIPA1E180pp,0.0
METSOXR2,0.0
TMPPP,0.00020103669318861995
ARGORNt7pp,0.0
METSOXR1,0.0
PLIPA1G140pp,0.0
DAPE_reverse,0.0
Ec_biomass_iJO1366_core_53p95M,0.0
FACOAL80t2pp,0.0
PGSA161,0.011560962123098036
FACOAE80,0.0
TRE6PH,0.0
OMBZLM,0.00020103669319082584
TRE6PP,0.0
TRE6PS,0.0
PDX5PS,0.00020103669318861995
RNDR4b,0.0
DMQMT,0.00020103669319082584
GALtex,0.0
SUCOAS_reverse,2.8582377547172886
4PCPpp,0.0
FRUptspp,0.0
HEXt2rpp_reverse,0.0
3OAR180,0.0
TMDPP,0.0
G3PAT140,0.0
G3PAT141,0.0
PEAMNtex_reverse,0.0
EX_glyald_LPAREN_e_RPAREN_,0.0
EX_glc_LPAREN_e_RPAREN__reverse,10.0
CITtex,0.0
RPE_reverse,0.0
PTAr,1.1155368542946906
GUACYC,0.0
4HTHRS,0.0
PRAGSr_reverse,0.0
UPPDC1,0.0004020733863772399
NDPK3_reverse,0.0
PYDAMtex_reverse,0.0
CMPN,0.0
ALPATE160pp,0.0
MMM,0.0
DCYTtex_reverse,0.0
PTA2,0.0
EX_fe3dhbzs_LPAREN_e_RPAREN_,0.0
EX_thr_DASH_L_LPAREN_e_RPAREN_,0.0
XYLUt2pp,0.0
HYD3pp,0.0
EX_glyc2p_LPAREN_e_RPAREN_,0.0
GHBDHx_reverse,0.0
ALAt2rpp_reverse,0.0
UDPGDC,0.0
NTD10pp,0.0
CITt7pp,0.0
LIPOCT,2.704529504779641e-06
ORNtex_reverse,0.0
PROabcpp,0.0
LPLIPAL1G120pp,0.0
GMHEPK,0.029392826657945136
G6Ptex_reverse,0.0
FE3DCITabcpp,0.0
TAURabcpp,0.0
NOtex_reverse,0.0
ADSL1r_reverse,0.0
EX_progly_LPAREN_e_RPAREN_,0.0
ASPtex_reverse,0.0
ADNt2rpp,0.0
EX_cyan_LPAREN_e_RPAREN_,0.0
PERD,0.00020103669318861995
23PDE7pp,0.0
PLIPA2E181pp,0.0
ADK3_reverse,0.0
EAR80x,0.2823393576514707
EAR80y,0.0
23CUMPtex,0.0
NDPK4_reverse,0.0
L_DASH_LACtex_reverse,0.0
PETNT181pp,0.0
3OAS161,0.1288924671387882
PMANM,0.0
GSNtex_reverse,0.0
PIt2rpp,0.8358312374127288
ACMANAptspp,0.0
GSNK,0.0
MDH,4.2372358797519585
EX_gly_LPAREN_e_RPAREN_,0.0
QUINDH_reverse,0.0
NAt3_1p5pp,0.0
EX_o2s_LPAREN_e_RPAREN_,0.0
NMNPtpp,0.0
EX_cpgn_DASH_un_LPAREN_e_RPAREN_,0.0
ASPK,0.9431073017297276
EX_idon_DASH_L_LPAREN_e_RPAREN_,0.0
2AGPA180tipp,0.0
EX_gbbtn_LPAREN_e_RPAREN_,0.0
EX_co_LPAREN_e_RPAREN_,0.00020103669318861995
EX_dcmp_LPAREN_e_RPAREN_,0.0
CYSTRS,0.0
CYNTtex_reverse,0.0
EX_glcur_LPAREN_e_RPAREN_,0.0
PLIPA2G160pp,0.0
PPKr,0.0
PLIPA1G141pp,0.0
MOBDtex_reverse,0.0
BTNtex_reverse,0.0
MG2tpp,0.0
MAN6Pt6_2pp,0.0
PLIPA1G181pp,0.0
ABUTtex_reverse,0.0
EX_for_LPAREN_e_RPAREN_,0.0
METSOX1abcpp,0.0
LCTStex,0.0
INDOLEtex_reverse,0.0
EX_gal_LPAREN_e_RPAREN_,0.0
DURADx,0.0
FADRx2,0.0
MEPCT,0.005973404166240925
DGSNtex_reverse,0.0
DHNPTE_reverse,0.0
EX_ade_LPAREN_e_RPAREN_,0.0
NADH9,0.0
XMPtex_reverse,0.0
MALTATr,0.0
DHNPTE,0.0
EAR180x,0.0
EAR180y,0.0
CLPNH120pp,0.0
EX_glcn_LPAREN_e_RPAREN_,0.0
EX_h2s_LPAREN_e_RPAREN_,0.0
FE3HOXtonex,0.0
FEOXAMR2,0.0
FEOXAMR3,0.0
EX_adocbl_LPAREN_e_RPAREN_,0.0
FEOXAMR1,0.0
ACt4pp,0.0
EX_csn_LPAREN_e_RPAREN_,0.0
NTP5,0.0
EX_isetac_LPAREN_e_RPAREN_,0.0
H2O2tex,0.0
imp_to_gmp,0.21325756051088418
PHEt2rpp_reverse,0.0
OROTtex,0.0
GLYBtex_reverse,0.0
MLTGY4pp,0.0
ADPRDP,0.0
ACOATA,0.0
SUCOAS,0.0
APCS,0.0
TMAOR2,0.0
FE2tpp,0.013997743206904494
PUNP3_reverse,0.0
ENTCS,0.00020103669318861995
CD2tex_reverse,0.0
EX_maltttr_LPAREN_e_RPAREN_,0.0
GMHEPAT,0.029392826657945136
EX_dump_LPAREN_e_RPAREN_,0.0
ACACt2pp,0.0
ICYSDS,0.0015911648586453568
LPLIPAL1A140pp,0.0
HCYSMT2,0.0
GHMT2r_reverse,0.0
EX_o2_LPAREN_e_RPAREN_,0.0
MTHFC_reverse,0.0
CTBTabcpp,0.0
HG2abcpp,0.0
DDCAtexi,0.0
ALCD19_reverse,0.0
NTP3pp,0.0
GLUABUTt7pp,0.0
ASO3t8pp,0.0
GLCURtex_reverse,0.0
CYSS,0.22344552315538907
2AGPGAT160,0.0
FEOXAMexs,0.0
GUAtpp_reverse,0.0
HEXt2rpp,0.0
EX_acser_LPAREN_e_RPAREN_,0.0
ANHMK,0.0
DIMPtex,0.0
CBMKr,0.5478871931175993
ADK1,2.0029628316118897
INSt2rpp,0.0
DCAtex,0.0
ASNt2rpp,0.0
MECDPS,0.005973404166240925
NACtex,0.0
ACALDtex,0.0
GLYCtpp_reverse,0.005782284081218872
GALCTt2rpp_reverse,0.0
IMPC,0.0
3OAR161,0.1288924671387882
3OAR160,0.10935494599626
HOPNTAL,0.0
CLIPAabctex,0.0
PPALtex_reverse,0.0
GUI1_reverse,0.0
EX_feenter_LPAREN_e_RPAREN_,0.0
OMPHHX3,0.0
ALDD19xr,0.0
PGAMT_reverse,0.06441828676451133
IPDDI,0.0
ACKr_reverse,1.1155368542946906
LCTStpp,0.0
DURIPP,0.0
G3PItex,0.0
DALAt2pp,0.021890461811686412
SBTPD_reverse,0.0
EX_imp_LPAREN_e_RPAREN_,0.0
DAPDC,0.3006066514365872
chor_and_prpp_to_3ig3p,0.04979399422233289
HISt2rpp_reverse,0.0
ptrc_to_4abut_2,0.0
SERASr,0.0006031100795658599
PYDXNtex_reverse,0.0
3OAS140,0.14609597931869142
3OAS141,0.1288924671387882
ISETACtex,0.0
COtpp,0.00020103669318861995
SPMS,0.006079782326744632
UDPGLCURtex_reverse,0.0
Zn2tex_reverse,0.0
HYXNtpp_reverse,0.0
ATPS4rpp,57.968315996068334
PPPNt2rpp,0.0
PYDAMtpp,0.0
ACGAM1Ptex,0.0
NTP3,0.0
NTP1,0.0
EX_urea_LPAREN_e_RPAREN_,0.0
DAGK181,0.0
EX_glyc_DASH_R_LPAREN_e_RPAREN_,0.0
MINCYCtpp,0.0
PA120abcpp,0.0
INSTtex,0.0
FUM,4.237524362899138
OCTNLL,0.0
IDOND_reverse,0.0
HOMtex_reverse,0.0
DAPE,0.3254675881543566
PROt4pp,0.0
TDPAGTA,0.0
14GLUCANtexi,0.0
NO3t7pp,0.0
GLTPD_reverse,0.0
ABUTtex,0.0
EX_3hpp_LPAREN_e_RPAREN_,0.0
FRULYSDG,0.0
LYStex,0.0
GPDDA1pp,0.0
AGM4PApp,0.0
EX_uri_LPAREN_e_RPAREN_,0.0
OCBT_reverse,0.0
GLCATr_reverse,0.0
EX_dcyt_LPAREN_e_RPAREN_,0.0
GTHOr_reverse,0.0
CCGS,0.0
ACPS1,0.0
IPPMIa,0.0
LPLIPAL1A141pp,0.0
NDPK6_reverse,0.0
TMPK,0.00020103669318861995
HCINNMt2rpp,0.0
EX_mg2_LPAREN_e_RPAREN__reverse,0.007440160667648792
SGDS,0.0
ACACT5r,0.0
EX_metsox_DASH_R_DASH_L_LPAREN_e_RPAREN_,0.0
3HAD180,0.0
3HAD181,0.04383681723313837
ASNNpp,0.0
SERtex_reverse,0.0
EX_pyr_LPAREN_e_RPAREN_,0.0
FRD2,0.0
FRD3,0.0
PACALDt2rpp,0.0
DMSOtex,0.0
EX_mnl_LPAREN_e_RPAREN_,0.0
SUCBZS,0.0004020733863772399
ORPT,0.0
ALAGLUE,0.0
HISt2rpp,0.0
F6Ptex,0.0
FE3DHBZSabcpp,0.0
H2Otpp_reverse,43.10024971552906
SUCBZL,0.0004020733863772399
PGSA120,0.0
T2DECAI,0.1288924671387882
ASR,0.0
FACOAL181t2pp,0.0
AST,0.0
5DGLCNt2rpp,0.0
OROTt2_2pp,0.0
ALCD19,0.0
ALLabcpp,0.0
L_DASH_LACtex,0.0
FRULYSK,0.0
CLtex_reverse,0.0
EX_glyc3p_LPAREN_e_RPAREN_,0.0
FRULYSE,0.0
L_DASH_LACt2rpp_reverse,0.0
GLCt2pp,0.0
TRPAS2,0.0
LIPAabcpp,0.0
GALCTNtex,0.0
EX_ppal_LPAREN_e_RPAREN_,0.0
IMPtex_reverse,0.0
TDPDRR,0.007348206664486284
UGLT_reverse,0.0
LEUabcpp,0.0
HYPOE,0.0
MAN6Ptex,0.0
GALM2pp,0.0
ARGAGMt7pp_reverse,0.0
L_DASH_LACt2rpp,0.0
EX_pser_DASH_L_LPAREN_e_RPAREN_,0.0
ACPPAT181,0.0
EX_galt_LPAREN_e_RPAREN_,0.0
DADK_reverse,0.0
EX_no2_LPAREN_e_RPAREN_,0.0
PLIPA1E140pp,0.0
PLIPA2G120pp,0.0
GAMtex,0.0
DM_MTHTHF,0.001208023178808187
EX_colipa_LPAREN_e_RPAREN_,0.0
NADPHQR2,0.0
EX_xmp_LPAREN_e_RPAREN_,0.0
COBALT2tex_reverse,0.0
PGP120abcpp,0.0
G3PStex_reverse,0.0
FALDtpp_reverse,0.0
ACMAMUT,0.0
CYTD,0.0
3PEPTtex_reverse,0.0
EX_cu2_LPAREN_e_RPAREN_,0.0
PUNP6_reverse,0.0
NDPK8,0.022361951455352996
DSERDHr,0.0
NDPK2,0.36022439833011466
NDPK3,0.12457153050000275
NDPK1,0.6753778124630472
TRDR,0.3143483658503725
NDPK7,0.02308946989213872
ADOCBLabcpp,0.0
NDPK5,0.02308946989213872
GLYC3Ptex,0.0
PLIPA2E180pp,0.0
CA2t3pp,0.0
TKT1_reverse,0.0
SUCFUMtpp,0.0
GLCURtex,0.0
FA161ACPHi,0.0
CLPNS141pp_reverse,0.0
NI2tex,0.00027676351932244986
AKGt2rpp_reverse,0.0
URAt2pp,0.0
ASPabcpp,0.0
ALLTAMH,0.0
MAN1PT2,0.0
3HAD40,0.2823393576514707
TALA_reverse,0.0
2AGPGAT161,0.0
2AGPEAT141,0.0
2AGPEAT140,0.0
ACONIs_reverse,0.0
ARBTNR2,0.0
ARBTNR3,0.0
THRPtex,0.0
ARBTNR1,0.0
GHMT2r,0.9291005434243111
MLDCP1Bpp,0.0
MOAT2,0.007348206664486284
BWCOS,0.0
N2Otpp,0.0
EX_cmp_LPAREN_e_RPAREN_,0.0
MANtex,0.0
XYLUtex_reverse,0.0
ARGabcpp,0.0
IPMD,0.39466117251447386
LACZ,0.0
LPLIPAL2ATE120,0.0
IPDPS,0.005119674352563282
LIPAMPL,0.0
EX_psclys_LPAREN_e_RPAREN_,0.0
PLIPA1E181pp,0.0
EX_met_DASH_L_LPAREN_e_RPAREN_,0.0
ACALD_reverse,0.0
THMabcpp,0.0
GAPD,15.904879541643847
DSBCGT,0.0
LPLIPAL2G160,0.0
LPLIPAL2G161,0.0
INOSTt4pp,0.0
GMPtex,0.0
ASPK_reverse,0.0
EAR40x,0.2823393576514707
EAR40y,0.0
3HPPtex,0.0
EX_dtmp_LPAREN_e_RPAREN_,0.0
CU2tex,0.0006076176287404926
GMPR,0.0
PROt2rpp_reverse,0.0
XANt2pp,0.0
3NTD2pp,0.0
PPALtpp_reverse,0.0
PA140abcpp,0.0
DHPTPE,0.0
THRD_L,0.25450163545877375
PTRCORNt7pp_reverse,0.0
FALDtpp,0.0
SBTtex_reverse,0.0
SO2tpp,0.0
THRtex,0.0
NACtpp,0.0
EX_23camp_LPAREN_e_RPAREN_,0.0
PAPA120,0.0
UMPK_reverse,0.0
MDH_reverse,0.0
AGM4PCP,0.0
CYSabc2pp,0.0
GHBDHx,0.0
AKGt2rpp,0.0
UGLYCH,0.0
ARAI,0.0
GTHSYN,0.00020103669318861995
GALKr,0.0
NNATr_reverse,0.0
GLCUR1Ptex_reverse,0.0
ACACT6r,0.0
MALS,0.0008041467727544216
NTD11pp,0.0
ARBt3ipp,0.0
XYLUtex,0.0
G3PItex_reverse,0.0
DINStex_reverse,0.0
MALt3pp,0.0
LIPAHTex,0.0
EX_lys_DASH_L_LPAREN_e_RPAREN_,0.0
ADK1_reverse,0.0
NTD8pp,0.0
EX_glc_LPAREN_e_RPAREN_,0.0
DTMPtex,0.0
ATHRDHr_reverse,0.0
ECOAH8,0.0
ECOAH6,0.0
ECOAH7,0.0
ECOAH4,0.0
ECOAH5,0.0
ECOAH2,0.0
ECOAH3,0.0
ECOAH1,0.0
OP4ENH,0.0
FA80ACPHi,0.0
GRTT,0.0008537298136776431
G3PAT120,0.0
ARBTptspp,0.0
MNtex_reverse,0.0
PE181abcpp,0.011491545865808693
SO2tex,0.0
TYMtex,0.0
LIPOS,2.704529504779641e-06
NMNtex,0.0
ALLPI_reverse,0.0
ADOCBLtonex,0.0
MTHFD_reverse,0.0
A5PISO,0.02204461999345885
ARGSL,0.25911195675458815
LYSt2pp,0.0
OBTFL,0.0
EX_fum_LPAREN_e_RPAREN_,0.0
Ec_biomass_iJO1366_WT_53p95M,0.9015098349265469
DUMPtex_reverse,0.0
FRUURt2rpp_reverse,0.0
UAMAS,0.024860936717769386
ARGSS,0.25911195675458815
NO3R1pp,0.0
CRNDt2rpp,0.0
CLPNS160pp,0.002654044954023754
MG2t3_2pp_reverse,0.0
PGP180abcpp,0.0
FRULYSE_reverse,0.0
CUtex_reverse,0.0
O2tex_reverse,0.0
EX_fe3hox_DASH_un_LPAREN_e_RPAREN_,0.0
UGMDDS,0.024860936717769386
4PEPTtex,0.0
GTPHs,0.0
EX_h2_LPAREN_e_RPAREN_,0.0
OCTAtex_reverse,0.0
ASNN,0.0
PLIPA1A140pp,0.0
DURIPP_reverse,0.0
PHEMEabcpp,0.0
dhap_to_lac_DASH_D,0.0
MLTGY1pp,0.0
MANAO,0.0
LPLIPAL1G160pp,0.0
ETHSO3tex_reverse,0.0
CBMD,0.0
ADEtex,0.0
PDX5PO2,0.0
ADEtex_reverse,0.0
FE3DCITtonex,0.0
ACKr,0.0
METtex_reverse,0.0
RIBtex,0.0
DHORTS,0.0
EX_orn_LPAREN_e_RPAREN_,0.0
EX_amp_LPAREN_e_RPAREN_,0.0
DGSNt2pp,0.0
PPC,2.6370397740075324
EX_hxan_LPAREN_e_RPAREN_,0.0
FDH5pp,0.0
RZ5PP,0.0
DGMPtex_reverse,0.0
12DGR180tipp,0.0
URIt2rpp,0.0
PPM,0.0
PPS,0.0
EX_dgsn_LPAREN_e_RPAREN_,0.0
PGPP181pp,0.0
GPDDA4,0.0
GPDDA5,0.0
EX_dopa_LPAREN_e_RPAREN_,0.0
EX_udpg_LPAREN_e_RPAREN_,0.0
ATHRDHr,0.0
GPDDA3,0.0
GLYCAt2rpp,0.0
SKMt2pp,0.0
OCDCAtexi,0.0
XANtpp,0.0
ENO_reverse,0.0
H2Otex,0.0
PLIPA2G161pp,0.0
ZN2t3pp,0.0
RMI_reverse,0.0
INStex_reverse,0.0
SDPTA,0.0
T2DECAI_reverse,0.0
POR5,0.005973404166240925
XYLI1_reverse,0.0
LIPOtex,0.0
CPGNR2,0.0
CPGNR3,0.0
CRNCBCT,0.0
CPGNR1,0.0
BPNT,0.22344552315538907
EX_maltpt_LPAREN_e_RPAREN_,0.0
ETHSO3tex,0.0
FMNRx,0.0
TRSARr_reverse,0.0
CBLAT,0.00020103669318861995
3GMPtex_reverse,0.0
LPLIPAL1E160pp,0.0
PROTRS,0.0
GLYTRS,0.0
CA2tex,0.00446427670255626
LPLIPAL1A181pp,0.0
APPLDHr,0.0
HPPPNt2rpp_reverse,0.0
PGP161abcpp,0.0
3OAR40,0.2823393576514707
FLVRx,0.0
SULabcpp,0.0
DURItex,0.0
ThDPAT,0.0
LPADSS,0.007348206664486284
XTSNtex_reverse,0.0
TUNGStex_reverse,0.0
GUI2_reverse,0.0
UMPtex_reverse,0.0
FADSYN_1,0.00040207338637723985
FADSYN_2,0.0008041467727544797
FADSYN_3,0.00020103669318861993
BUTSO3tex,0.0
MDDEP1pp,0.0
SUCDi,3.325822057778971
ILEabcpp,0.0
CLPNS161pp,0.0020644575219817924
RFAMPtex_reverse,0.0
TMAOtex_reverse,0.0
3UMPtex,0.0
METabcpp,0.0
GAL1Ptex_reverse,0.0
RIBabcpp,0.0
PLIPA2E161pp,0.0
LPLIPAL2E140,0.0
LPLIPAL2E141,0.0
MSO3abcpp,0.0
EX_pheme_LPAREN_e_RPAREN_,0.0
NAt3pp,0.0
2AGPGAT181,0.0
2AGPGAT180,0.0
CUtex,0.0
EX_tma_LPAREN_e_RPAREN_,0.0
METDtex_reverse,0.0
PLIPA1A141pp,0.0
UDPGALPpp,0.0
INDOLEt2rpp,0.0
LEUTRS,0.0
EX_asn_DASH_L_LPAREN_e_RPAREN_,0.0
GLUR,0.0
4HOXPACDtex,0.0
GLUN,0.0
NH4tex,9.471513846982093
UACGAMtex,0.0
AGt3,0.0
AGMHE,0.029392826657945136
CAt6pp_reverse,0.00446427670255626
AP4AS,0.0
MALTptspp,0.0
EX_octa_LPAREN_e_RPAREN_,0.0
FRULYStex_reverse,0.0
CYSabcpp,0.0
3OAR181,0.04383681723313837
AP4AH,0.0
GLYCLTt2rpp,0.0
PYROX,0.0
PIuabcpp,0.0
NO3R1bpp,0.0
ETHAt2pp,0.0
SHKK,0.33529314384522313
URDGLYCD,0.0
URACPAH,0.0
PAPA140pp,0.0
5DGLCNR_reverse,0.0
UREAtpp,0.0
3OAS160,0.10935494599626
ETHAAL,0.0
PROt2rpp,0.0
LALGP,0.0
ECAP2pp,0.0
DUMPtex,0.0
GTHOXtex_reverse,0.0
EX_tartr_DASH_L_LPAREN_e_RPAREN_,0.0
ISETACtex_reverse,0.0
Ktex,0.16740136124751048
DHAPT,0.0
ABUTt2pp,0.0
FEENTERexs,0.0
FE3abcpp,0.0
XAND,0.0
G6PP,0.0
AGPR,0.0
BUTt2rpp,0.0
PSD160,0.039814280349696016
CYSDtex,0.0
FALDtex_reverse,0.0
TRPt2rpp_reverse,0.0
ALAR,0.021890461811686412
EX_man6p_LPAREN_e_RPAREN_,0.0
EX_tyr_DASH_L_LPAREN_e_RPAREN_,0.0
CRNt2rpp,0.0
MALDtex,0.0
URIt2pp,0.0
GLUDC,0.0
CYANST,0.0
F6PP,0.0
GLUDy,0.0
PGP181abcpp,0.0
HCINNMtex_reverse,0.0
FLDR2,0.0
PLIPA2A140pp,0.0
F6PA,0.0
FRUtex,0.0
NO2t2rpp,0.0
UM3PL,0.0
MI1PP,0.0
26DAHtex,0.0
INSt2rpp_reverse,0.0
EX_chol_LPAREN_e_RPAREN_,0.0
ACGAMT,0.0
EX_kdo2lipid4_LPAREN_e_RPAREN_,0.0
FUMtex,0.0
glu_DASH_L_to_acg5p,0.295184971289339
DDPGALA_reverse,0.0
PPPNDO,0.0
ACACT7r,0.0
DMSOtex_reverse,0.0
DAGK180,0.0
PLIPA2A181pp,0.0
ACGAMK,0.0
MALTTTRtexi,0.0
PPTtex_reverse,0.0
IMPSYN_1,0.3922334065289873
G3PSabcpp,0.0
IMPSYN_2,0.3920323698357987
N2Otex,0.0
EX_cobalt2_LPAREN_e_RPAREN_,0.0
DHCINDO,0.0
R15BPK,0.0
CINNDO,0.0
HETZK,0.0
K2L4Aabctex,0.0
EX_h2o_LPAREN_e_RPAREN_,43.08205905007991
MOAT,0.007348206664486284
TDPGDH,0.007348206664486284
ACALDtpp_reverse,0.0
PGSA141,0.0
PGSA140,0.0
FE3tex_reverse,0.0
CPPPGO,0.0004020733863772399
PE141abcpp,0.0
D_DASH_LACtex_reverse,0.0
H2Stex,0.0
NODOx,0.0
NNAM,0.0
CYTBD2pp,0.0
ASAD,0.0
3HAD140,0.11670315266074628
3HAD141,0.1288924671387882
EX_12ppd_DASH_R_LPAREN_e_RPAREN_,0.0
HPYRRy,0.0
HPYRRx,0.0
CLPNS120pp,0.0
ADMDC,0.006079782326744632
OAADC,0.0
PAPA180pp,0.0
IDOND,0.0
UDPGD,0.0
EX_dmso_LPAREN_e_RPAREN_,0.0
CMPtex,0.0
HADPCOADH3_reverse,0.0
EX_orot_LPAREN_e_RPAREN_,0.0
FECRMUtpp,0.0
DDGLCNtex,0.0
TPI_reverse,0.0
MTAN,0.006079782326744632
EX_mg2_LPAREN_e_RPAREN_,0.0
MOBDabcpp,0.00012350684738493694
H2SO,0.0
EX_alltn_LPAREN_e_RPAREN_,0.0
MLDEP2pp,0.0
FESR,0.00669641505383439
APPLDHr_reverse,0.0
TTDCAtexi,0.0
ILETRS,0.0
AAMYL,0.0
QUINDH,0.0
OROTtex_reverse,0.0
COBALT2tex,2.1636236038237127e-05
GF6PTA,0.06441828676451133
CHLtex,0.0
EX_so3_LPAREN_e_RPAREN_,0.0
MDDCP3pp,0.004851024421739749
EX_xylu_DASH_L_LPAREN_e_RPAREN_,0.0
PPAtex_reverse,0.0
CDPMEK,0.005973404166240925
CU1abcpp,0.0
LCTSt3ipp,0.0
SELR,0.0
PLIPA1G180pp,0.0
